CustomerID,Gender,SeniorCitizen,Partner,Dependents,Tenure,PhoneService,MultipleLines,InternetService,OnlineSecurity,OnlineBackup,DeviceProtection,TechSupport,StreamingTV,StreamingMovies,Contract,PaperlessBilling,PaymentMethod,MonthlyCharges,TotalCharges,Churn
CUST100000,Male,0,No,No,50,Yes,No,DSL,No,No,Yes,No,No,Yes,Month-to-month,No,Electronic check,81.77,4057.03,Yes
CUST100001,Female,0,No,No,15,Yes,Yes,DSL,No,No,Yes,Yes,Yes,Yes,Two year,Yes,Credit card (automatic),88.57,1313.3,No
CUST100002,Female,1,Yes,Yes,6,Yes,No,DSL,No,No,No,No,Yes,Yes,Month-to-month,Yes,Credit card (automatic),86.6,574.52,Yes
CUST100003,Male,0,No,No,59,Yes,Yes,Fiber optic,No,Yes,No,No,Yes,No,Month-to-month,No,Electronic check,100.14,5771.18,Yes
CUST100004,Male,1,No,Yes,62,Yes,Yes,Fiber optic,No,No,No,Yes,No,Yes,One year,No,Bank transfer (automatic),83.18,5139.03,No
CUST100005,Female,0,No,No,8,Yes,No,DSL,No,Yes,No,No,Yes,Yes,Month-to-month,Yes,Bank transfer (automatic),92.61,781.67,Yes
CUST100006,Male,1,Yes,No,7,Yes,No,DSL,No,Yes,No,No,Yes,No,Month-to-month,No,Mailed check,70.56,445.73,No
CUST100007,Female,0,Yes,Yes,45,Yes,No,No,No internet service,No internet service,No internet service,No internet service,No internet service,No internet service,Month-to-month,No,Electronic check,20.89,945.36,No
CUST100008,Male,0,Yes,Yes,3,Yes,No,Fiber optic,No,No,Yes,Yes,Yes,No,Month-to-month,Yes,Credit card (automatic),96.39,310.97,Yes
CUST100009,Male,0,Yes,No,54,Yes,No,Fiber optic,No,No,Yes,No,No,No,One year,Yes,Credit card (automatic),89.38,4748.53,No
CUST100010,Female,0,Yes,Yes,66,Yes,No,Fiber optic,Yes,No,Yes,Yes,No,Yes,Two year,Yes,Credit card (automatic),107.06,7071.55,No
CUST100011,Female,0,Yes,No,55,Yes,No,Fiber optic,No,No,No,Yes,No,Yes,One year,Yes,Credit card (automatic),100.68,5500.1,Yes
CUST100012,Female,1,No,No,17,Yes,Yes,No,No internet service,No internet service,No internet service,No internet service,No internet service,No internet service,Month-to-month,No,Credit card (automatic),38.32,661.01,Yes
CUST100013,Female,1,Yes,No,14,No,No phone service,Fiber optic,Yes,No,No,Yes,Yes,No,One year,Yes,Credit card (automatic),102.52,1476.48,No
CUST100014,Female,0,No,Yes,50,Yes,No,Fiber optic,No,No,No,No,Yes,No,One year,Yes,Bank transfer (automatic),88.28,4435.13,No
CUST100015,Female,0,No,No,5,Yes,Yes,DSL,No,Yes,Yes,Yes,Yes,No,Month-to-month,Yes,Credit card (automatic),90.65,457.2,Yes
CUST100016,Female,0,No,No,39,Yes,Yes,Fiber optic,No,No,No,No,Yes,Yes,One year,Yes,Bank transfer (automatic),98.35,3852.7,No
CUST100017,Male,0,Yes,Yes,33,Yes,Yes,Fiber optic,No,Yes,No,No,No,No,One year,No,Electronic check,113.97,3680.59,Yes
CUST100018,Female,0,Yes,No,54,Yes,No,DSL,No,No,Yes,No,No,No,One year,Yes,Bank transfer (automatic),72.1,3892.07,No
CUST100019,Male,0,No,Yes,15,Yes,No,No,No internet service,No internet service,No internet service,No internet service,No internet service,No internet service,Month-to-month,Yes,Electronic check,25.7,373.22,No
CUST100020,Female,0,No,No,55,Yes,No,No,No internet service,No internet service,No internet service,No internet service,No internet service,No internet service,Two year,Yes,Credit card (automatic),21.87,1216.39,No
CUST100021,Male,0,Yes,No,51,Yes,No,DSL,No,Yes,No,No,No,No,Two year,No,Bank transfer (automatic),67.65,3477.88,No
CUST100022,Male,1,No,No,18,Yes,No,No,No internet service,No internet service,No internet service,No internet service,No internet service,No internet service,Two year,No,Bank transfer (automatic),26.55,488.74,No
CUST100023,Female,0,No,No,26,Yes,Yes,DSL,No,No,Yes,Yes,No,No,Month-to-month,No,Electronic check,77.99,2107.92,Yes
CUST100024,Female,1,No,No,5,Yes,No,Fiber optic,No,Yes,Yes,Yes,No,No,One year,Yes,Bank transfer (automatic),82.89,398.04,No
CUST100025,Female,0,Yes,Yes,33,Yes,No,No,No internet service,No internet service,No internet service,No internet service,No internet service,No internet service,One year,Yes,Bank transfer (automatic),33.92,1108.19,No
CUST100026,Male,0,Yes,Yes,19,Yes,No,DSL,No,Yes,No,No,Yes,No,Month-to-month,No,Bank transfer (automatic),73.01,1371.7,No
CUST100027,Female,0,Yes,No,9,Yes,Yes,Fiber optic,No,Yes,Yes,No,No,No,Two year,No,Bank transfer (automatic),116.27,934.65,Yes
CUST100028,Female,0,No,No,41,Yes,Yes,Fiber optic,No,No,No,No,Yes,No,Two year,Yes,Bank transfer (automatic),90.5,3627.77,No
CUST100029,Male,0,Yes,No,41,No,No phone service,DSL,Yes,Yes,No,No,Yes,Yes,Month-to-month,No,Electronic check,89.57,3705.75,Yes
CUST100030,Male,1,Yes,No,7,Yes,No,Fiber optic,No,Yes,No,No,Yes,Yes,Two year,Yes,Bank transfer (automatic),104.72,645.38,No
CUST100031,Male,0,No,Yes,14,Yes,Yes,DSL,No,Yes,Yes,No,No,No,Month-to-month,Yes,Mailed check,56.72,757.5,No
CUST100032,Male,0,Yes,Yes,6,Yes,Yes,Fiber optic,No,No,No,No,No,No,Month-to-month,No,Credit card (automatic),90.97,540.27,Yes
CUST100033,Female,0,Yes,Yes,49,Yes,No,DSL,No,Yes,No,No,Yes,Yes,Month-to-month,Yes,Credit card (automatic),92.41,4505.23,No
CUST100034,Female,0,Yes,No,25,Yes,Yes,DSL,No,No,Yes,Yes,Yes,No,Month-to-month,No,Bank transfer (automatic),86.0,2195.7,No
CUST100035,Male,0,Yes,No,6,Yes,Yes,Fiber optic,No,Yes,No,Yes,Yes,No,Two year,Yes,Mailed check,99.73,602.0,No
CUST100036,Female,0,Yes,No,14,Yes,No,DSL,No,No,No,No,Yes,No,One year,No,Electronic check,66.95,905.23,No
CUST100037,Female,0,Yes,Yes,71,Yes,No,Fiber optic,No,Yes,No,No,No,No,Month-to-month,Yes,Credit card (automatic),92.56,6625.72,No
CUST100038,Male,0,No,Yes,19,Yes,No,Fiber optic,No,Yes,No,No,Yes,Yes,One year,No,Credit card (automatic),107.59,2091.26,Yes
CUST100039,Female,1,No,No,50,Yes,Yes,Fiber optic,No,Yes,No,No,Yes,No,Two year,No,Electronic check,109.65,5389.67,No
CUST100040,Male,0,Yes,No,34,Yes,Yes,DSL,Yes,No,No,Yes,No,No,Two year,Yes,Credit card (automatic),76.66,2618.04,No
CUST100041,Female,0,No,No,14,Yes,No,No,No internet service,No internet service,No internet service,No internet service,No internet service,No internet service,Two year,Yes,Bank transfer (automatic),25.75,349.45,No
CUST100042,Female,0,Yes,No,23,Yes,No,Fiber optic,No,Yes,No,No,Yes,No,Two year,Yes,Electronic check,88.84,2003.8,No
CUST100043,Male,0,No,No,2,Yes,Yes,DSL,Yes,No,Yes,No,Yes,Yes,Month-to-month,Yes,Credit card (automatic),80.88,252.48,Yes
CUST100044,Male,0,Yes,No,54,Yes,No,Fiber optic,No,No,No,No,Yes,No,One year,No,Credit card (automatic),89.87,4859.68,Yes
CUST100045,Female,1,No,No,25,Yes,No,Fiber optic,Yes,Yes,No,No,Yes,Yes,Two year,Yes,Credit card (automatic),117.51,2922.41,No
CUST100046,Male,0,Yes,No,36,Yes,No,Fiber optic,No,Yes,Yes,Yes,Yes,Yes,Month-to-month,No,Electronic check,117.75,4245.0,No
CUST100047,Female,0,No,No,12,Yes,Yes,Fiber optic,No,Yes,No,No,No,No,Month-to-month,Yes,Mailed check,101.26,1268.24,No
CUST100048,Female,0,Yes,No,60,Yes,Yes,Fiber optic,No,No,No,No,No,No,One year,Yes,Credit card (automatic),105.3,6273.67,No
CUST100049,Female,0,No,Yes,16,Yes,Yes,No,No internet service,No internet service,No internet service,No internet service,No internet service,No internet service,Month-to-month,No,Bank transfer (automatic),21.23,332.92,Yes
CUST100050,Female,0,Yes,No,41,Yes,Yes,Fiber optic,Yes,No,No,Yes,No,Yes,One year,Yes,Bank transfer (automatic),124.15,5139.07,No
CUST100051,Male,1,No,Yes,63,Yes,No,Fiber optic,Yes,No,Yes,No,Yes,No,Two year,Yes,Bank transfer (automatic),86.98,5400.6,No
CUST100052,Male,0,Yes,No,52,Yes,No,Fiber optic,No,No,No,No,No,No,One year,Yes,Electronic check,80.71,4244.9,No
CUST100053,Male,0,No,No,44,Yes,No,No,No internet service,No internet service,No internet service,No internet service,No internet service,No internet service,One year,Yes,Bank transfer (automatic),19.41,835.35,No
CUST100054,Male,1,No,No,64,Yes,No,No,No internet service,No internet service,No internet service,No internet service,No internet service,No internet service,One year,Yes,Credit card (automatic),43.1,2752.04,No
CUST100055,Male,0,No,No,13,No,No phone service,DSL,No,No,No,Yes,Yes,No,One year,No,Electronic check,76.13,916.66,No
CUST100056,Female,1,Yes,No,70,Yes,Yes,DSL,Yes,No,Yes,No,Yes,No,Month-to-month,Yes,Electronic check,83.33,5780.29,Yes
CUST100057,Male,0,Yes,Yes,41,Yes,Yes,Fiber optic,No,Yes,No,No,No,No,Month-to-month,No,Mailed check,91.25,3812.3,No
CUST100058,Female,0,Yes,Yes,30,Yes,Yes,Fiber optic,Yes,No,No,Yes,No,No,Two year,Yes,Bank transfer (automatic),104.0,3185.17,No
CUST100059,Female,0,Yes,Yes,19,Yes,Yes,Fiber optic,No,No,No,No,Yes,Yes,One year,Yes,Bank transfer (automatic),79.24,1560.3,No
CUST100060,Female,0,No,No,54,Yes,No,Fiber optic,No,No,No,Yes,No,Yes,One year,Yes,Electronic check,133.25,7079.65,No
CUST100061,Female,1,No,No,71,Yes,No,No,No internet service,No internet service,No internet service,No internet service,No internet service,No internet service,One year,Yes,Credit card (automatic),22.29,1568.53,No
CUST100062,Male,0,No,Yes,50,Yes,No,Fiber optic,Yes,Yes,No,No,Yes,Yes,Month-to-month,No,Electronic check,117.14,5880.89,Yes
CUST100063,Female,0,No,No,3,Yes,No,Fiber optic,No,No,No,Yes,No,No,Month-to-month,Yes,Bank transfer (automatic),86.79,297.62,No
CUST100064,Male,0,No,No,34,Yes,Yes,DSL,No,Yes,No,No,Yes,Yes,One year,Yes,Bank transfer (automatic),104.12,3490.13,Yes
CUST100065,Male,0,No,No,53,Yes,Yes,Fiber optic,No,No,No,No,No,Yes,One year,Yes,Bank transfer (automatic),102.27,5384.79,No
CUST100066,Female,0,No,No,29,Yes,Yes,DSL,No,Yes,No,Yes,Yes,No,Two year,Yes,Bank transfer (automatic),83.87,2375.3,Yes
CUST100067,Male,1,Yes,Yes,56,Yes,Yes,Fiber optic,Yes,Yes,No,Yes,Yes,Yes,Two year,No,Credit card (automatic),117.94,6721.98,No
CUST100068,Male,0,No,No,51,Yes,No,Fiber optic,No,No,Yes,No,No,Yes,Month-to-month,Yes,Mailed check,113.12,5736.88,Yes
CUST100069,Male,0,No,No,5,Yes,No,Fiber optic,No,No,Yes,No,Yes,Yes,Month-to-month,Yes,Mailed check,86.82,435.73,Yes
CUST100070,Female,0,Yes,Yes,41,Yes,Yes,Fiber optic,No,No,No,Yes,Yes,No,Month-to-month,Yes,Mailed check,119.68,4912.89,No
CUST100071,Male,0,Yes,No,13,Yes,Yes,Fiber optic,No,Yes,No,No,No,No,Month-to-month,No,Mailed check,88.01,1202.51,Yes
CUST100072,Male,1,No,No,36,Yes,Yes,DSL,No,Yes,Yes,No,Yes,Yes,Two year,No,Bank transfer (automatic),97.73,3462.43,No
CUST100073,Male,0,No,No,28,Yes,No,DSL,No,No,No,No,No,Yes,Month-to-month,Yes,Mailed check,83.56,2398.25,No
CUST100074,Female,0,No,No,59,Yes,Yes,No,No internet service,No internet service,No internet service,No internet service,No internet service,No internet service,Month-to-month,Yes,Mailed check,21.68,1262.49,No
CUST100075,Male,0,No,No,63,Yes,Yes,No,No internet service,No internet service,No internet service,No internet service,No internet service,No internet service,Two year,No,Mailed check,45.46,2895.78,No
CUST100076,Male,1,Yes,No,34,Yes,Yes,DSL,No,No,No,Yes,Yes,No,Two year,Yes,Credit card (automatic),93.56,3084.75,Yes
CUST100077,Male,0,Yes,No,39,Yes,No,DSL,Yes,Yes,No,No,Yes,Yes,Two year,Yes,Electronic check,69.42,2703.03,No
CUST100078,Female,0,No,No,46,Yes,No,Fiber optic,Yes,No,No,Yes,Yes,Yes,Two year,Yes,Credit card (automatic),125.75,5907.14,No
CUST100079,Female,0,No,Yes,48,Yes,No,Fiber optic,Yes,Yes,No,Yes,Yes,Yes,One year,Yes,Bank transfer (automatic),138.51,6706.43,No
CUST100080,Female,0,Yes,Yes,46,Yes,Yes,Fiber optic,No,Yes,Yes,Yes,Yes,No,Two year,Yes,Electronic check,136.03,6291.76,No
CUST100081,Male,0,No,Yes,57,Yes,Yes,DSL,Yes,No,No,Yes,Yes,Yes,One year,Yes,Bank transfer (automatic),104.72,5903.17,No
CUST100082,Male,0,Yes,No,71,Yes,No,Fiber optic,Yes,No,Yes,No,Yes,No,Two year,Yes,Bank transfer (automatic),124.31,8771.2,Yes
CUST100083,Female,0,No,No,60,Yes,Yes,DSL,No,No,No,No,Yes,Yes,One year,Yes,Credit card (automatic),78.08,4747.78,No
CUST100084,Female,0,Yes,No,10,Yes,Yes,DSL,No,Yes,No,No,Yes,No,Month-to-month,Yes,Credit card (automatic),75.77,779.17,Yes
CUST100085,Female,0,Yes,No,35,Yes,No,DSL,Yes,No,Yes,No,No,Yes,Month-to-month,Yes,Credit card (automatic),64.8,2302.61,No
CUST100086,Male,0,Yes,Yes,34,Yes,Yes,Fiber optic,No,Yes,No,No,Yes,No,Two year,Yes,Bank transfer (automatic),120.03,4086.33,Yes
CUST100087,Male,1,Yes,No,37,Yes,Yes,Fiber optic,No,No,No,No,Yes,No,Month-to-month,Yes,Credit card (automatic),91.58,3372.98,No
CUST100088,Female,0,No,No,39,Yes,No,DSL,No,Yes,Yes,Yes,Yes,Yes,One year,No,Bank transfer (automatic),88.99,3511.55,Yes
CUST100089,Female,0,Yes,No,52,No,No phone service,Fiber optic,Yes,No,Yes,Yes,No,Yes,Two year,No,Credit card (automatic),109.02,5686.0,No
CUST100090,Male,0,Yes,No,31,Yes,No,Fiber optic,No,No,No,No,Yes,Yes,Two year,Yes,Electronic check,101.05,3122.25,No
CUST100091,Female,1,No,No,19,Yes,Yes,Fiber optic,No,No,No,No,Yes,Yes,Month-to-month,Yes,Credit card (automatic),106.51,1933.33,Yes
CUST100092,Female,0,No,No,33,Yes,Yes,No,No internet service,No internet service,No internet service,No internet service,No internet service,No internet service,Month-to-month,Yes,Bank transfer (automatic),38.77,1301.6,No
CUST100093,Male,0,Yes,No,62,Yes,No,DSL,No,No,Yes,No,Yes,No,Two year,No,Mailed check,59.77,3721.52,No
CUST100094,Female,1,Yes,No,23,Yes,Yes,No,No internet service,No internet service,No internet service,No internet service,No internet service,No internet service,One year,Yes,Credit card (automatic),39.6,896.4,No
CUST100095,Male,0,Yes,Yes,2,Yes,Yes,Fiber optic,Yes,No,Yes,No,No,Yes,Month-to-month,Yes,Bank transfer (automatic),123.29,333.81,No
CUST100096,Male,0,No,Yes,71,Yes,No,Fiber optic,No,No,No,No,No,No,Two year,No,Credit card (automatic),92.79,6601.66,No
CUST100097,Female,0,Yes,No,15,Yes,No,Fiber optic,No,No,No,Yes,Yes,Yes,Month-to-month,Yes,Electronic check,120.67,1829.12,No
CUST100098,Female,0,Yes,Yes,44,Yes,No,DSL,Yes,Yes,Yes,No,No,Yes,One year,Yes,Bank transfer (automatic),81.95,3649.26,No
CUST100099,Male,0,Yes,Yes,58,Yes,Yes,DSL,No,No,No,No,No,No,Month-to-month,Yes,Bank transfer (automatic),47.8,2791.58,No
CUST100100,Female,0,No,No,20,Yes,Yes,No,No internet service,No internet service,No internet service,No internet service,No internet service,No internet service,Month-to-month,Yes,Electronic check,35.21,710.4,No
CUST100101,Male,0,Yes,Yes,25,Yes,No,Fiber optic,No,No,Yes,No,No,No,One year,No,Credit card (automatic),94.63,2355.04,No
CUST100102,Female,0,No,No,21,Yes,No,Fiber optic,No,Yes,No,No,No,No,One year,Yes,Bank transfer (automatic),102.77,2280.49,No
CUST100103,Male,1,Yes,No,11,Yes,Yes,Fiber optic,No,No,No,Yes,No,Yes,Month-to-month,No,Electronic check,137.69,1453.97,Yes
CUST100104,Female,0,No,No,12,Yes,No,DSL,No,Yes,No,No,Yes,No,Month-to-month,Yes,Bank transfer (automatic),85.28,1061.53,No
CUST100105,Female,0,Yes,No,14,Yes,Yes,DSL,No,Yes,No,Yes,Yes,Yes,Two year,Yes,Electronic check,97.11,1354.65,No
CUST100106,Female,0,Yes,No,33,Yes,No,Fiber optic,No,No,No,No,No,No,Two year,No,Credit card (automatic),72.18,2401.63,Yes
CUST100107,Female,0,Yes,No,39,Yes,No,Fiber optic,No,Yes,Yes,Yes,No,No,Month-to-month,No,Credit card (automatic),106.41,4228.74,No
CUST100108,Male,0,No,Yes,2,Yes,No,Fiber optic,Yes,No,No,Yes,Yes,Yes,One year,No,Bank transfer (automatic),112.57,204.1,No
CUST100109,Female,0,No,No,61,Yes,No,Fiber optic,No,No,No,Yes,Yes,Yes,Month-to-month,No,Mailed check,80.6,4945.7,Yes
CUST100110,Male,1,Yes,No,49,Yes,No,Fiber optic,No,No,No,No,No,Yes,Two year,Yes,Bank transfer (automatic),86.89,4271.45,Yes
CUST100111,Female,0,Yes,Yes,6,Yes,Yes,Fiber optic,No,Yes,Yes,No,No,Yes,Month-to-month,Yes,Electronic check,123.48,693.37,No
CUST100112,Female,0,No,No,61,Yes,Yes,DSL,No,No,No,No,Yes,No,Two year,Yes,Credit card (automatic),58.18,3592.9,No
CUST100113,Male,1,No,No,3,No,No phone service,Fiber optic,Yes,Yes,No,No,Yes,No,Month-to-month,Yes,Electronic check,116.85,400.41,Yes
CUST100114,Female,0,Yes,No,41,Yes,No,Fiber optic,No,No,Yes,No,Yes,Yes,Two year,Yes,Bank transfer (automatic),110.76,4512.28,No
CUST100115,Female,0,Yes,No,34,Yes,Yes,DSL,Yes,Yes,Yes,Yes,No,No,Month-to-month,Yes,Electronic check,101.59,3521.33,Yes
CUST100116,Male,0,No,Yes,37,Yes,Yes,DSL,No,No,Yes,No,No,Yes,Month-to-month,Yes,Bank transfer (automatic),73.16,2670.42,Yes
CUST100117,Male,0,No,No,69,Yes,Yes,DSL,Yes,Yes,No,No,Yes,Yes,One year,No,Credit card (automatic),89.12,6147.73,Yes
CUST100118,Male,0,No,Yes,67,No,No phone service,DSL,Yes,No,Yes,No,No,Yes,One year,Yes,Electronic check,86.78,5791.91,No
CUST100119,Male,1,No,Yes,21,Yes,No,Fiber optic,No,Yes,Yes,No,Yes,No,One year,Yes,Mailed check,113.8,2441.1,No
CUST100120,Male,0,Yes,Yes,42,Yes,Yes,DSL,No,Yes,Yes,No,Yes,Yes,Two year,No,Electronic check,88.45,3689.44,Yes
CUST100121,Female,0,Yes,No,70,Yes,No,Fiber optic,No,No,No,Yes,Yes,Yes,Two year,Yes,Electronic check,90.67,6388.16,No
CUST100122,Female,0,Yes,No,53,Yes,Yes,DSL,No,Yes,Yes,Yes,No,No,Two year,Yes,Bank transfer (automatic),71.85,3833.68,No
CUST100123,Male,1,Yes,No,64,Yes,Yes,DSL,No,Yes,No,No,Yes,Yes,Two year,Yes,Credit card (automatic),99.71,6358.99,No
CUST100124,Female,0,Yes,Yes,32,Yes,No,DSL,No,Yes,No,No,Yes,No,Two year,No,Bank transfer (automatic),66.14,2189.09,No
CUST100125,Female,0,Yes,Yes,21,Yes,Yes,DSL,No,Yes,No,Yes,Yes,No,Month-to-month,No,Electronic check,89.41,1837.63,Yes
CUST100126,Male,0,Yes,No,37,Yes,Yes,No,No internet service,No internet service,No internet service,No internet service,No internet service,No internet service,One year,Yes,Bank transfer (automatic),36.76,1329.04,No
CUST100127,Female,0,No,Yes,59,Yes,Yes,DSL,No,Yes,Yes,No,Yes,No,Two year,Yes,Credit card (automatic),88.62,5274.1,No
CUST100128,Female,0,Yes,No,67,Yes,No,DSL,No,No,No,No,Yes,Yes,Month-to-month,Yes,Electronic check,72.27,4748.89,Yes
CUST100129,Female,0,Yes,No,50,Yes,Yes,DSL,Yes,Yes,No,No,No,No,Month-to-month,Yes,Electronic check,81.65,4155.58,Yes
CUST100130,Female,0,No,No,51,Yes,Yes,Fiber optic,No,No,No,No,No,Yes,Month-to-month,No,Bank transfer (automatic),99.1,5060.15,Yes
CUST100131,Female,0,No,No,37,Yes,Yes,Fiber optic,No,Yes,Yes,No,Yes,Yes,One year,No,Electronic check,98.49,3559.8,Yes
CUST100132,Male,0,No,Yes,24,Yes,Yes,Fiber optic,No,No,No,No,Yes,No,Month-to-month,No,Credit card (automatic),99.41,2329.27,No
CUST100133,Female,0,No,Yes,31,Yes,Yes,Fiber optic,No,No,Yes,No,Yes,Yes,Two year,No,Credit card (automatic),137.49,4127.39,No
CUST100134,Female,0,No,No,36,Yes,No,Fiber optic,No,Yes,No,No,Yes,Yes,One year,Yes,Credit card (automatic),123.12,4460.6,No
CUST100135,Male,0,Yes,No,59,Yes,Yes,Fiber optic,No,No,Yes,No,No,No,Two year,No,Electronic check,103.88,6046.22,No
CUST100136,Female,0,Yes,No,40,Yes,Yes,Fiber optic,No,No,No,No,No,No,Month-to-month,No,Electronic check,95.12,3833.46,No
CUST100137,Male,0,No,Yes,58,Yes,No,Fiber optic,No,No,No,No,No,Yes,Two year,Yes,Credit card (automatic),82.04,4743.32,No
CUST100138,Male,0,Yes,No,2,Yes,No,DSL,Yes,Yes,No,No,No,Yes,Month-to-month,No,Mailed check,97.7,167.53,No
CUST100139,Male,0,Yes,No,55,Yes,Yes,Fiber optic,Yes,No,No,No,Yes,Yes,Month-to-month,No,Electronic check,122.63,6782.13,Yes
CUST100140,Female,0,Yes,No,37,Yes,Yes,Fiber optic,Yes,Yes,No,No,Yes,Yes,Month-to-month,No,Mailed check,119.1,4451.26,Yes
CUST100141,Male,0,Yes,Yes,72,Yes,Yes,Fiber optic,No,No,No,Yes,No,No,One year,Yes,Electronic check,77.95,5665.99,No
CUST100142,Male,1,Yes,No,34,Yes,No,No,No internet service,No internet service,No internet service,No internet service,No internet service,No internet service,Two year,Yes,Bank transfer (automatic),33.64,1130.97,No
CUST100143,Male,0,Yes,Yes,35,No,No phone service,No,No internet service,No internet service,No internet service,No internet service,No internet service,No internet service,One year,No,Credit card (automatic),22.58,789.9,No
CUST100144,Female,0,No,No,10,Yes,Yes,DSL,No,No,No,No,No,Yes,Month-to-month,Yes,Bank transfer (automatic),73.35,705.54,Yes
CUST100145,Female,0,No,No,59,Yes,Yes,Fiber optic,No,No,No,No,No,Yes,Month-to-month,No,Mailed check,90.54,5350.71,No
CUST100146,Male,0,Yes,No,51,Yes,No,Fiber optic,No,Yes,No,No,Yes,Yes,Month-to-month,Yes,Credit card (automatic),93.9,4745.05,Yes
CUST100147,Male,0,No,No,63,Yes,Yes,Fiber optic,No,No,No,No,Yes,No,One year,Yes,Credit card (automatic),107.71,6758.32,No
CUST100148,Female,0,Yes,No,7,Yes,Yes,Fiber optic,No,Yes,Yes,No,Yes,Yes,One year,Yes,Electronic check,123.69,834.73,No
CUST100149,Male,1,No,Yes,16,Yes,Yes,No,No internet service,No internet service,No internet service,No internet service,No internet service,No internet service,Month-to-month,No,Bank transfer (automatic),22.85,369.62,No
CUST100150,Female,0,No,Yes,64,Yes,No,Fiber optic,Yes,Yes,Yes,Yes,No,No,Two year,Yes,Electronic check,130.65,8361.83,No
CUST100151,Male,0,Yes,No,4,Yes,No,Fiber optic,No,No,No,Yes,Yes,Yes,Month-to-month,No,Electronic check,115.38,496.57,No
CUST100152,Female,0,No,No,37,Yes,No,DSL,No,No,Yes,No,No,Yes,One year,No,Bank transfer (automatic),78.86,2912.76,No
CUST100153,Male,0,No,Yes,30,No,No phone service,Fiber optic,No,No,No,No,No,Yes,Two year,No,Mailed check,100.16,2969.96,Yes
CUST100154,Male,0,No,Yes,68,Yes,No,No,No internet service,No internet service,No internet service,No internet service,No internet service,No internet service,Two year,Yes,Electronic check,18.0,1226.07,No
CUST100155,Female,0,No,No,62,Yes,Yes,Fiber optic,No,No,Yes,No,Yes,No,Two year,Yes,Bank transfer (automatic),117.25,7204.98,No
CUST100156,Male,0,No,Yes,65,Yes,No,DSL,No,No,No,Yes,No,No,Month-to-month,No,Electronic check,86.4,5645.51,No
CUST100157,Female,1,Yes,Yes,21,Yes,No,No,No internet service,No internet service,No internet service,No internet service,No internet service,No internet service,Month-to-month,Yes,Mailed check,35.0,729.01,No
CUST100158,Female,0,No,No,43,Yes,No,Fiber optic,No,No,No,No,Yes,No,Two year,Yes,Mailed check,75.04,3235.93,Yes
CUST100159,Female,0,No,No,51,Yes,No,Fiber optic,No,Yes,No,Yes,No,Yes,Month-to-month,No,Bank transfer (automatic),101.63,5196.55,Yes
CUST100160,Female,0,No,No,70,Yes,Yes,DSL,No,No,No,Yes,No,No,Two year,Yes,Credit card (automatic),80.56,5716.61,No
CUST100161,Female,0,Yes,No,1,Yes,Yes,Fiber optic,No,Yes,Yes,No,No,Yes,Month-to-month,Yes,Electronic check,95.74,117.66,Yes
CUST100162,Male,0,No,Yes,71,Yes,No,DSL,No,Yes,No,Yes,Yes,Yes,Month-to-month,No,Bank transfer (automatic),97.18,6904.05,No
CUST100163,Male,0,Yes,No,26,Yes,Yes,DSL,Yes,Yes,Yes,No,No,Yes,Two year,Yes,Electronic check,85.56,2189.02,No
CUST100164,Male,1,No,No,10,Yes,No,Fiber optic,No,No,Yes,Yes,Yes,Yes,Month-to-month,Yes,Electronic check,114.5,1200.12,Yes
CUST100165,Female,0,Yes,No,45,Yes,Yes,No,No internet service,No internet service,No internet service,No internet service,No internet service,No internet service,Two year,Yes,Bank transfer (automatic),39.3,1762.13,No
CUST100166,Male,0,No,Yes,57,Yes,Yes,Fiber optic,No,No,No,No,Yes,No,Two year,No,Mailed check,92.68,5197.93,No
CUST100167,Male,0,No,Yes,10,Yes,No,No,No internet service,No internet service,No internet service,No internet service,No internet service,No internet service,Month-to-month,No,Electronic check,31.61,312.4,Yes
CUST100168,Male,0,Yes,Yes,3,Yes,No,No,No internet service,No internet service,No internet service,No internet service,No internet service,No internet service,Month-to-month,No,Bank transfer (automatic),31.14,97.0,Yes
CUST100169,Male,0,Yes,No,65,Yes,No,DSL,Yes,Yes,Yes,Yes,No,Yes,Two year,No,Credit card (automatic),101.68,6559.26,No
CUST100170,Male,0,Yes,No,68,Yes,Yes,DSL,Yes,No,No,No,Yes,No,Month-to-month,Yes,Credit card (automatic),61.72,4192.58,Yes
CUST100171,Male,0,No,No,12,Yes,No,Fiber optic,Yes,No,Yes,No,No,No,Month-to-month,Yes,Credit card (automatic),89.18,1066.34,Yes
CUST100172,Female,0,No,No,66,Yes,No,Fiber optic,No,No,No,No,No,Yes,Two year,Yes,Bank transfer (automatic),97.57,6436.35,No
CUST100173,Female,1,Yes,No,66,Yes,No,Fiber optic,Yes,No,Yes,No,Yes,No,Month-to-month,No,Electronic check,113.25,7558.39,Yes
CUST100174,Female,0,Yes,No,72,Yes,No,Fiber optic,Yes,Yes,No,Yes,No,Yes,Two year,No,Electronic check,120.25,8563.37,No
CUST100175,Male,1,Yes,Yes,16,Yes,No,Fiber optic,No,Yes,No,No,Yes,Yes,Month-to-month,Yes,Mailed check,123.05,2118.96,Yes
CUST100176,Female,0,Yes,No,42,Yes,Yes,Fiber optic,No,No,Yes,Yes,Yes,Yes,Two year,No,Credit card (automatic),136.04,5711.0,No
CUST100177,Male,0,No,No,72,Yes,No,Fiber optic,No,No,No,No,Yes,No,Two year,No,Mailed check,107.93,7808.53,No
CUST100178,Female,0,No,Yes,65,Yes,No,DSL,No,Yes,No,Yes,No,No,Two year,Yes,Mailed check,68.93,4485.74,No
CUST100179,Female,1,Yes,No,44,No,No phone service,DSL,No,No,No,Yes,No,No,Two year,Yes,Bank transfer (automatic),55.44,2381.95,No
CUST100180,Female,0,No,No,15,No,No phone service,DSL,No,Yes,Yes,No,No,No,Month-to-month,No,Credit card (automatic),94.11,1351.99,No
CUST100181,Male,1,Yes,Yes,7,Yes,No,No,No internet service,No internet service,No internet service,No internet service,No internet service,No internet service,Month-to-month,Yes,Mailed check,36.48,243.88,Yes
CUST100182,Male,0,No,No,19,Yes,Yes,No,No internet service,No internet service,No internet service,No internet service,No internet service,No internet service,Two year,Yes,Credit card (automatic),33.75,661.37,No
CUST100183,Female,0,Yes,Yes,5,Yes,No,Fiber optic,No,Yes,No,Yes,Yes,Yes,Two year,No,Bank transfer (automatic),132.14,550.95,Yes
CUST100184,Male,1,No,Yes,15,Yes,No,DSL,No,No,Yes,No,No,Yes,Two year,Yes,Bank transfer (automatic),65.07,942.64,No
CUST100185,Male,0,No,Yes,6,Yes,No,Fiber optic,No,No,No,No,Yes,No,Month-to-month,Yes,Mailed check,99.52,606.96,Yes
CUST100186,Male,0,Yes,No,55,Yes,No,DSL,No,Yes,No,No,Yes,No,Two year,No,Credit card (automatic),71.9,3974.9,No
CUST100187,Male,0,No,No,43,Yes,Yes,Fiber optic,No,Yes,No,No,No,No,One year,Yes,Credit card (automatic),115.28,4987.66,No
CUST100188,Male,0,No,Yes,38,No,No phone service,DSL,No,Yes,No,No,No,No,One year,Yes,Bank transfer (automatic),63.22,2365.03,No
CUST100189,Male,0,Yes,Yes,59,Yes,Yes,Fiber optic,Yes,No,Yes,No,No,No,One year,Yes,Mailed check,89.75,5209.2,No
CUST100190,Female,0,Yes,Yes,30,Yes,No,DSL,No,No,Yes,No,Yes,No,Month-to-month,No,Electronic check,86.3,2616.91,No
CUST100191,Female,0,No,Yes,30,Yes,Yes,Fiber optic,No,No,Yes,No,No,No,Month-to-month,Yes,Electronic check,95.79,2956.07,No
CUST100192,Female,0,Yes,No,15,Yes,No,No,No internet service,No internet service,No internet service,No internet service,No internet service,No internet service,One year,No,Electronic check,21.9,323.96,No
CUST100193,Male,0,Yes,No,33,Yes,No,Fiber optic,Yes,Yes,No,Yes,No,No,One year,No,Electronic check,104.45,3375.11,No
CUST100194,Female,0,Yes,No,13,Yes,No,DSL,Yes,No,Yes,Yes,No,Yes,Month-to-month,Yes,Bank transfer (automatic),73.6,937.82,Yes
CUST100195,Male,0,No,No,43,Yes,Yes,No,No internet service,No internet service,No internet service,No internet service,No internet service,No internet service,Month-to-month,No,Credit card (automatic),18.0,778.26,No
CUST100196,Male,0,Yes,No,72,Yes,No,Fiber optic,No,No,No,No,No,Yes,Two year,No,Credit card (automatic),88.51,6360.34,Yes
CUST100197,Male,0,Yes,Yes,39,Yes,No,Fiber optic,No,Yes,No,Yes,No,No,Two year,No,Credit card (automatic),102.81,4096.39,No
CUST100198,Male,0,No,Yes,22,Yes,Yes,Fiber optic,No,No,Yes,No,Yes,Yes,One year,Yes,Credit card (automatic),110.07,2482.63,Yes
CUST100199,Female,0,No,No,50,Yes,No,No,No internet service,No internet service,No internet service,No internet service,No internet service,No internet service,Two year,Yes,Credit card (automatic),31.69,1588.01,No
CUST100200,Male,0,No,No,60,Yes,No,Fiber optic,No,No,No,No,Yes,Yes,Two year,No,Mailed check,104.07,6122.17,No
CUST100201,Female,0,Yes,No,34,Yes,No,Fiber optic,No,No,Yes,No,No,No,Month-to-month,No,Electronic check,98.26,3300.03,No
CUST100202,Male,1,No,No,19,Yes,Yes,Fiber optic,No,No,No,No,Yes,Yes,Month-to-month,No,Electronic check,114.05,2129.45,No
CUST100203,Female,0,No,No,52,Yes,Yes,DSL,Yes,No,Yes,No,No,Yes,Month-to-month,Yes,Credit card (automatic),85.75,4420.59,No
CUST100204,Male,0,Yes,No,14,Yes,No,Fiber optic,No,No,Yes,No,No,Yes,Month-to-month,Yes,Electronic check,105.28,1485.97,Yes
CUST100205,Male,0,No,No,72,Yes,Yes,DSL,No,No,Yes,No,No,No,One year,Yes,Bank transfer (automatic),59.01,4256.21,No
CUST100206,Female,0,Yes,Yes,23,Yes,Yes,Fiber optic,Yes,Yes,No,No,No,No,Month-to-month,No,Mailed check,117.18,2577.44,No
CUST100207,Female,0,Yes,Yes,26,Yes,No,Fiber optic,Yes,No,No,No,No,No,Two year,No,Bank transfer (automatic),83.08,2200.19,No
CUST100208,Male,0,Yes,Yes,53,Yes,Yes,DSL,Yes,No,No,No,Yes,No,One year,No,Bank transfer (automatic),76.94,4078.56,No
CUST100209,Female,1,No,Yes,1,Yes,No,Fiber optic,Yes,Yes,Yes,No,Yes,No,Month-to-month,Yes,Bank transfer (automatic),110.85,134.64,Yes
CUST100210,Male,0,Yes,No,15,Yes,No,Fiber optic,No,No,No,No,No,Yes,Two year,No,Bank transfer (automatic),77.19,1192.35,No
CUST100211,Female,0,Yes,No,10,Yes,No,DSL,Yes,No,No,No,Yes,No,Two year,Yes,Credit card (automatic),85.72,817.75,No
CUST100212,Female,1,Yes,No,29,Yes,No,DSL,No,No,No,No,No,No,Two year,Yes,Electronic check,73.25,2179.58,No
CUST100213,Male,0,Yes,No,40,Yes,No,No,No internet service,No internet service,No internet service,No internet service,No internet service,No internet service,Two year,Yes,Credit card (automatic),20.39,813.87,No
CUST100214,Female,0,Yes,Yes,13,Yes,Yes,No,No internet service,No internet service,No internet service,No internet service,No internet service,No internet service,Two year,Yes,Bank transfer (automatic),38.26,532.1,Yes
CUST100215,Male,1,No,No,25,Yes,Yes,Fiber optic,No,No,No,No,No,Yes,One year,No,Mailed check,94.71,2316.95,No
CUST100216,Male,1,Yes,No,56,Yes,No,DSL,Yes,No,No,No,Yes,Yes,Two year,Yes,Credit card (automatic),109.19,6208.87,No
CUST100217,Male,0,Yes,Yes,68,Yes,Yes,DSL,No,No,No,No,No,No,Month-to-month,Yes,Credit card (automatic),71.4,4816.47,No
CUST100218,Male,0,No,Yes,2,Yes,Yes,DSL,No,Yes,Yes,No,Yes,No,Month-to-month,Yes,Credit card (automatic),75.25,265.58,Yes
CUST100219,Female,0,Yes,No,46,Yes,Yes,Fiber optic,No,Yes,No,No,No,No,One year,Yes,Credit card (automatic),78.26,3555.27,No
CUST100220,Male,0,No,Yes,2,No,No phone service,No,No internet service,No internet service,No internet service,No internet service,No internet service,No internet service,Month-to-month,No,Electronic check,18.0,47.41,Yes
CUST100221,Male,0,Yes,No,38,Yes,No,Fiber optic,Yes,No,No,No,No,Yes,Month-to-month,Yes,Electronic check,103.9,3925.61,Yes
CUST100222,Female,0,Yes,No,64,Yes,Yes,DSL,No,No,Yes,No,No,No,Month-to-month,Yes,Electronic check,60.93,3925.66,No
CUST100223,Male,0,Yes,No,58,Yes,No,No,No internet service,No internet service,No internet service,No internet service,No internet service,No internet service,Month-to-month,Yes,Credit card (automatic),20.69,1199.52,No
CUST100224,Female,0,Yes,Yes,17,Yes,Yes,Fiber optic,Yes,No,Yes,No,No,Yes,Month-to-month,No,Credit card (automatic),102.92,1682.25,No
CUST100225,Male,0,Yes,No,19,Yes,No,DSL,No,No,Yes,No,No,No,Month-to-month,Yes,Credit card (automatic),60.74,1052.13,No
CUST100226,Female,0,No,No,57,Yes,Yes,Fiber optic,Yes,Yes,Yes,No,No,No,Two year,Yes,Credit card (automatic),124.84,7303.71,No
CUST100227,Female,0,Yes,Yes,60,Yes,Yes,DSL,Yes,Yes,Yes,No,Yes,Yes,One year,Yes,Bank transfer (automatic),101.23,6078.24,Yes
CUST100228,Female,1,No,No,21,Yes,No,No,No internet service,No internet service,No internet service,No internet service,No internet service,No internet service,One year,Yes,Electronic check,38.59,742.24,No
CUST100229,Male,0,No,No,1,Yes,No,Fiber optic,No,No,Yes,No,Yes,Yes,Month-to-month,Yes,Electronic check,97.26,114.92,Yes
CUST100230,Male,0,Yes,No,33,Yes,Yes,Fiber optic,Yes,Yes,No,No,No,Yes,Two year,Yes,Bank transfer (automatic),121.03,4044.07,No
CUST100231,Female,0,Yes,Yes,45,Yes,No,Fiber optic,No,No,Yes,No,No,No,Month-to-month,No,Bank transfer (automatic),102.79,4581.45,No
CUST100232,Male,0,Yes,No,32,Yes,No,No,No internet service,No internet service,No internet service,No internet service,No internet service,No internet service,One year,Yes,Electronic check,22.82,720.54,No
CUST100233,Female,0,Yes,Yes,68,Yes,Yes,Fiber optic,Yes,No,No,No,No,Yes,One year,Yes,Credit card (automatic),92.5,6288.9,No
CUST100234,Male,0,Yes,Yes,59,Yes,No,Fiber optic,No,No,No,Yes,Yes,Yes,Two year,No,Credit card (automatic),112.86,6740.17,No
CUST100235,Female,0,No,Yes,57,Yes,Yes,DSL,Yes,No,Yes,No,No,No,Two year,Yes,Mailed check,79.95,4561.95,No
CUST100236,Female,0,No,No,2,Yes,No,No,No internet service,No internet service,No internet service,No internet service,No internet service,No internet service,One year,Yes,Credit card (automatic),31.07,89.42,No
CUST100237,Male,1,Yes,Yes,62,Yes,Yes,Fiber optic,Yes,No,No,No,Yes,No,Two year,Yes,Bank transfer (automatic),100.57,6303.6,No
CUST100238,Male,0,No,No,55,Yes,No,DSL,Yes,No,No,Yes,No,Yes,One year,Yes,Credit card (automatic),94.37,5177.4,No
CUST100239,Female,0,No,No,29,Yes,Yes,No,No internet service,No internet service,No internet service,No internet service,No internet service,No internet service,Two year,Yes,Bank transfer (automatic),26.66,748.02,No
CUST100240,Male,0,Yes,No,43,Yes,No,DSL,No,No,Yes,No,Yes,No,Month-to-month,No,Electronic check,79.53,3408.97,No
CUST100241,Female,0,No,No,60,Yes,No,DSL,No,Yes,No,Yes,No,No,Month-to-month,Yes,Electronic check,74.56,4497.15,Yes
CUST100242,Male,0,No,No,66,Yes,No,Fiber optic,Yes,No,Yes,No,No,No,Two year,No,Bank transfer (automatic),94.22,6221.91,No
CUST100243,Female,0,No,Yes,40,Yes,No,DSL,No,No,Yes,No,Yes,No,Two year,No,Credit card (automatic),51.53,2080.82,No
CUST100244,Female,0,No,Yes,3,Yes,No,Fiber optic,Yes,No,No,No,No,No,Month-to-month,Yes,Credit card (automatic),96.4,339.14,Yes
CUST100245,Male,1,Yes,No,45,No,No phone service,DSL,Yes,No,No,No,Yes,No,Month-to-month,No,Credit card (automatic),79.06,3582.88,No
CUST100246,Female,0,Yes,No,49,Yes,Yes,DSL,Yes,No,Yes,Yes,Yes,Yes,Month-to-month,Yes,Electronic check,81.6,3984.92,Yes
CUST100247,Male,0,No,No,5,Yes,Yes,DSL,No,No,No,No,Yes,Yes,Month-to-month,Yes,Credit card (automatic),82.66,439.08,Yes
CUST100248,Female,0,Yes,No,59,Yes,Yes,DSL,No,No,No,Yes,No,Yes,Month-to-month,No,Electronic check,89.06,5374.0,Yes
CUST100249,Male,1,Yes,No,15,No,No phone service,No,No internet service,No internet service,No internet service,No internet service,No internet service,No internet service,One year,Yes,Electronic check,23.38,329.8,No
CUST100250,Male,0,No,No,65,Yes,No,Fiber optic,No,Yes,No,No,No,Yes,Month-to-month,No,Bank transfer (automatic),102.75,6708.79,No
CUST100251,Male,0,Yes,No,40,Yes,No,Fiber optic,No,Yes,No,Yes,Yes,No,Month-to-month,Yes,Credit card (automatic),105.82,4349.12,No
CUST100252,Male,1,Yes,Yes,24,Yes,No,Fiber optic,Yes,Yes,No,No,No,Yes,Month-to-month,Yes,Credit card (automatic),114.32,2663.11,No
CUST100253,Male,1,No,No,5,Yes,No,Fiber optic,No,No,Yes,No,Yes,No,One year,Yes,Credit card (automatic),106.55,596.75,Yes
CUST100254,Female,0,Yes,Yes,2,Yes,No,DSL,No,No,No,Yes,Yes,No,Month-to-month,Yes,Electronic check,77.61,208.06,No
CUST100255,Male,0,Yes,No,54,Yes,Yes,DSL,No,No,Yes,No,Yes,Yes,One year,Yes,Electronic check,80.52,4276.73,No
CUST100256,Female,0,No,Yes,28,Yes,Yes,Fiber optic,No,No,No,No,Yes,No,Two year,Yes,Electronic check,107.36,3051.97,Yes
CUST100257,Male,1,Yes,No,61,Yes,No,Fiber optic,No,No,Yes,Yes,Yes,Yes,Two year,Yes,Bank transfer (automatic),119.22,7253.01,No
CUST100258,Male,0,Yes,No,17,Yes,Yes,Fiber optic,Yes,No,No,Yes,No,No,Month-to-month,Yes,Mailed check,113.46,1924.71,Yes
CUST100259,Female,0,Yes,Yes,67,Yes,Yes,No,No internet service,No internet service,No internet service,No internet service,No internet service,No internet service,Two year,No,Electronic check,29.44,1966.74,Yes
CUST100260,Female,0,No,Yes,68,Yes,No,Fiber optic,No,No,No,Yes,Yes,No,Month-to-month,Yes,Mailed check,116.77,8032.33,Yes
CUST100261,Male,0,Yes,No,8,Yes,No,DSL,No,No,No,Yes,Yes,No,Month-to-month,Yes,Mailed check,68.87,546.33,Yes
CUST100262,Male,0,Yes,Yes,47,Yes,No,DSL,Yes,No,No,No,Yes,No,One year,No,Credit card (automatic),76.85,3590.59,No
CUST100263,Female,0,Yes,No,68,Yes,Yes,DSL,Yes,No,Yes,No,Yes,Yes,Two year,No,Bank transfer (automatic),91.67,6209.01,No
CUST100264,Female,0,Yes,No,24,No,No phone service,Fiber optic,No,Yes,No,No,No,Yes,Two year,No,Mailed check,85.05,2023.8,No
CUST100265,Female,1,No,Yes,5,Yes,No,No,No internet service,No internet service,No internet service,No internet service,No internet service,No internet service,One year,No,Credit card (automatic),36.52,158.95,No
CUST100266,Male,1,Yes,Yes,64,Yes,Yes,No,No internet service,No internet service,No internet service,No internet service,No internet service,No internet service,Two year,Yes,Credit card (automatic),24.15,1538.76,No
CUST100267,Male,0,No,No,35,Yes,No,DSL,No,No,No,No,Yes,No,Month-to-month,Yes,Electronic check,56.25,1972.72,No
CUST100268,Female,0,Yes,No,2,Yes,Yes,Fiber optic,No,Yes,No,Yes,No,Yes,Month-to-month,No,Electronic check,97.04,217.62,Yes
CUST100269,Female,0,Yes,Yes,61,Yes,No,Fiber optic,No,No,No,No,No,Yes,Month-to-month,Yes,Credit card (automatic),101.62,6272.23,No
CUST100270,Male,0,No,No,49,Yes,No,Fiber optic,No,No,No,No,Yes,No,Month-to-month,No,Bank transfer (automatic),92.57,4549.31,No
CUST100271,Male,0,Yes,No,6,Yes,No,Fiber optic,No,No,No,No,Yes,No,Month-to-month,Yes,Electronic check,90.79,518.89,No
CUST100272,Male,1,Yes,No,19,Yes,Yes,DSL,Yes,Yes,Yes,No,No,Yes,One year,No,Bank transfer (automatic),96.34,1772.02,Yes
CUST100273,Female,0,No,No,2,Yes,No,DSL,Yes,No,Yes,No,Yes,No,One year,No,Bank transfer (automatic),92.87,202.15,No
CUST100274,Male,0,Yes,No,69,No,No phone service,No,No internet service,No internet service,No internet service,No internet service,No internet service,No internet service,Two year,Yes,Electronic check,18.0,1240.73,No
CUST100275,Male,1,No,No,2,Yes,Yes,Fiber optic,No,No,No,Yes,Yes,Yes,Month-to-month,Yes,Electronic check,98.52,192.06,Yes
CUST100276,Male,0,No,No,58,Yes,No,Fiber optic,Yes,No,Yes,No,Yes,No,Two year,No,Credit card (automatic),116.13,6753.83,No
CUST100277,Female,0,Yes,No,37,Yes,Yes,Fiber optic,No,No,No,No,Yes,No,Two year,No,Bank transfer (automatic),109.21,4074.8,No
CUST100278,Male,0,Yes,No,42,Yes,Yes,Fiber optic,No,Yes,No,Yes,Yes,No,Two year,No,Mailed check,106.35,4483.91,No
CUST100279,Male,0,Yes,Yes,59,Yes,No,No,No internet service,No internet service,No internet service,No internet service,No internet service,No internet service,Month-to-month,No,Bank transfer (automatic),18.0,1060.16,No
CUST100280,Male,0,Yes,No,65,Yes,No,DSL,Yes,No,No,No,Yes,No,One year,Yes,Bank transfer (automatic),77.81,5020.24,No
CUST100281,Male,0,Yes,Yes,10,Yes,No,DSL,No,Yes,Yes,No,No,Yes,One year,Yes,Bank transfer (automatic),90.07,867.58,Yes
CUST100282,Female,1,No,Yes,2,Yes,Yes,Fiber optic,No,No,Yes,Yes,No,Yes,Two year,Yes,Mailed check,83.99,210.73,No
CUST100283,Male,0,Yes,Yes,9,Yes,No,Fiber optic,Yes,No,No,No,Yes,No,Month-to-month,No,Electronic check,93.45,817.3,Yes
CUST100284,Male,0,No,Yes,50,No,No phone service,DSL,No,No,No,No,No,No,One year,Yes,Electronic check,63.3,3113.88,No
CUST100285,Female,0,Yes,No,41,Yes,Yes,DSL,Yes,No,No,No,Yes,No,One year,Yes,Credit card (automatic),71.1,2964.57,Yes
CUST100286,Male,0,Yes,No,7,Yes,Yes,DSL,No,No,No,Yes,Yes,No,Month-to-month,No,Bank transfer (automatic),42.88,275.91,No
CUST100287,Female,0,Yes,No,17,Yes,No,DSL,Yes,No,Yes,No,No,Yes,Two year,Yes,Credit card (automatic),94.16,1602.71,No
CUST100288,Female,0,No,Yes,39,No,No phone service,DSL,No,No,Yes,No,No,No,Month-to-month,No,Electronic check,57.69,2266.91,Yes
CUST100289,Male,0,Yes,No,53,Yes,Yes,DSL,No,No,Yes,Yes,No,No,One year,Yes,Credit card (automatic),79.09,4191.92,No
CUST100290,Female,0,Yes,No,25,Yes,No,Fiber optic,No,Yes,No,No,Yes,No,Two year,Yes,Bank transfer (automatic),108.26,2545.53,No
CUST100291,Male,1,No,No,69,Yes,Yes,No,No internet service,No internet service,No internet service,No internet service,No internet service,No internet service,One year,Yes,Credit card (automatic),21.48,1487.15,Yes
CUST100292,Female,0,No,No,72,Yes,Yes,No,No internet service,No internet service,No internet service,No internet service,No internet service,No internet service,Month-to-month,No,Electronic check,25.78,1876.68,No
CUST100293,Male,0,Yes,No,56,Yes,No,Fiber optic,No,Yes,Yes,Yes,No,Yes,One year,No,Bank transfer (automatic),114.54,6468.29,No
CUST100294,Female,0,No,No,33,No,No phone service,DSL,Yes,Yes,Yes,Yes,No,Yes,One year,Yes,Electronic check,90.36,2866.73,No
CUST100295,Female,1,Yes,No,64,Yes,Yes,No,No internet service,No internet service,No internet service,No internet service,No internet service,No internet service,Two year,Yes,Electronic check,37.42,2442.64,No
CUST100296,Female,0,Yes,No,53,Yes,No,Fiber optic,Yes,Yes,No,Yes,No,No,Two year,Yes,Credit card (automatic),96.7,5048.17,Yes
CUST100297,Male,0,Yes,No,38,Yes,No,Fiber optic,No,Yes,No,No,Yes,Yes,Two year,Yes,Electronic check,97.21,3631.08,No
CUST100298,Male,0,Yes,No,32,Yes,Yes,DSL,No,Yes,Yes,No,Yes,No,Month-to-month,Yes,Electronic check,69.68,2262.45,No
CUST100299,Male,0,Yes,Yes,60,Yes,No,DSL,Yes,Yes,Yes,No,No,No,Two year,Yes,Credit card (automatic),63.3,3815.2,No
CUST100300,Male,0,No,No,41,Yes,Yes,Fiber optic,No,No,No,No,Yes,No,One year,No,Mailed check,119.18,4892.12,No
CUST100301,Female,0,Yes,No,14,Yes,Yes,Fiber optic,No,No,No,No,Yes,No,One year,No,Bank transfer (automatic),100.71,1375.53,No
CUST100302,Male,0,No,Yes,72,Yes,Yes,DSL,No,No,Yes,Yes,Yes,No,One year,Yes,Credit card (automatic),78.4,5707.4,No
CUST100303,Female,0,No,No,5,Yes,No,No,No internet service,No internet service,No internet service,No internet service,No internet service,No internet service,Month-to-month,No,Bank transfer (automatic),24.71,122.97,Yes
CUST100304,Female,1,No,No,51,Yes,No,Fiber optic,No,No,Yes,Yes,No,Yes,Month-to-month,Yes,Electronic check,101.11,5061.62,Yes
CUST100305,Male,0,No,Yes,48,Yes,No,Fiber optic,No,No,Yes,No,Yes,Yes,Two year,No,Bank transfer (automatic),84.79,4132.61,No
CUST100306,Male,0,No,Yes,43,Yes,No,DSL,No,Yes,Yes,Yes,Yes,No,Two year,Yes,Bank transfer (automatic),82.09,3540.67,No
CUST100307,Female,0,No,Yes,4,Yes,Yes,Fiber optic,No,No,No,Yes,No,Yes,Month-to-month,Yes,Electronic check,116.75,545.11,Yes
CUST100308,Male,0,Yes,No,36,Yes,No,Fiber optic,No,Yes,No,Yes,No,Yes,Two year,No,Credit card (automatic),97.79,3554.03,No
CUST100309,Male,0,Yes,Yes,65,Yes,No,DSL,No,Yes,No,No,Yes,Yes,Two year,Yes,Credit card (automatic),93.63,6220.31,No
CUST100310,Female,0,Yes,No,18,Yes,No,Fiber optic,No,No,No,Yes,Yes,Yes,One year,No,Electronic check,89.81,1599.88,Yes
CUST100311,Female,1,No,No,50,Yes,No,Fiber optic,Yes,No,Yes,Yes,No,No,One year,No,Electronic check,95.56,4778.92,No
CUST100312,Male,1,Yes,No,62,Yes,No,Fiber optic,No,Yes,No,No,No,Yes,Two year,No,Credit card (automatic),95.71,5975.36,No
CUST100313,Male,1,No,No,69,No,No phone service,DSL,No,No,No,No,No,No,Two year,Yes,Bank transfer (automatic),72.59,4995.48,No
CUST100314,Male,1,Yes,Yes,38,Yes,Yes,No,No internet service,No internet service,No internet service,No internet service,No internet service,No internet service,Two year,Yes,Credit card (automatic),28.97,1114.81,No
CUST100315,Female,1,No,Yes,23,No,No phone service,Fiber optic,No,Yes,Yes,No,No,No,One year,Yes,Electronic check,103.13,2189.61,No
CUST100316,Female,0,Yes,No,51,Yes,No,DSL,No,No,No,No,No,Yes,Two year,Yes,Electronic check,85.36,4349.63,No
CUST100317,Female,0,Yes,Yes,36,Yes,No,DSL,No,No,Yes,No,Yes,No,Month-to-month,No,Bank transfer (automatic),60.14,2161.32,No
CUST100318,Female,0,Yes,Yes,46,Yes,No,DSL,No,Yes,No,Yes,No,No,Two year,Yes,Credit card (automatic),87.62,4023.2,Yes
CUST100319,Female,0,Yes,No,54,Yes,Yes,DSL,Yes,Yes,No,No,Yes,No,Month-to-month,Yes,Electronic check,81.64,4365.6,No
CUST100320,Male,0,Yes,Yes,52,Yes,No,Fiber optic,No,Yes,No,No,Yes,No,Two year,Yes,Credit card (automatic),82.37,4328.02,Yes
CUST100321,Male,1,Yes,No,18,Yes,Yes,Fiber optic,Yes,Yes,Yes,No,No,No,Two year,No,Bank transfer (automatic),96.56,1708.85,Yes
CUST100322,Female,0,Yes,No,55,Yes,No,DSL,Yes,No,No,No,Yes,No,Two year,No,Electronic check,85.63,4719.94,No
CUST100323,Female,0,Yes,No,40,Yes,No,No,No internet service,No internet service,No internet service,No internet service,No internet service,No internet service,One year,Yes,Bank transfer (automatic),22.33,892.7,No
CUST100324,Female,0,Yes,No,68,Yes,Yes,DSL,Yes,No,No,Yes,No,No,Month-to-month,Yes,Electronic check,92.88,6343.72,No
CUST100325,Male,0,Yes,No,48,Yes,No,Fiber optic,No,No,No,No,Yes,Yes,One year,No,Credit card (automatic),110.81,5414.02,Yes
CUST100326,Male,0,Yes,No,65,Yes,Yes,No,No internet service,No internet service,No internet service,No internet service,No internet service,No internet service,One year,Yes,Mailed check,21.71,1413.69,No
CUST100327,Male,1,Yes,No,71,Yes,No,Fiber optic,No,No,No,Yes,No,Yes,Month-to-month,No,Mailed check,110.0,7865.53,Yes
CUST100328,Male,0,Yes,No,72,No,No phone service,Fiber optic,Yes,Yes,No,Yes,No,No,Month-to-month,No,Electronic check,105.41,7598.68,Yes
CUST100329,Female,0,Yes,Yes,54,No,No phone service,Fiber optic,Yes,No,Yes,No,Yes,No,Two year,No,Credit card (automatic),120.44,6467.19,No
CUST100330,Female,0,Yes,No,44,Yes,No,DSL,No,Yes,Yes,Yes,Yes,No,One year,Yes,Credit card (automatic),76.26,3348.96,No
CUST100331,Male,0,No,Yes,9,Yes,Yes,DSL,No,No,No,No,No,Yes,Month-to-month,No,Electronic check,63.16,557.69,Yes
CUST100332,Male,0,No,Yes,28,Yes,No,Fiber optic,No,Yes,Yes,No,Yes,Yes,Month-to-month,No,Mailed check,126.45,3583.71,No
CUST100333,Female,0,No,Yes,35,Yes,Yes,DSL,No,Yes,Yes,No,Yes,No,Two year,Yes,Credit card (automatic),74.7,2619.28,No
CUST100334,Male,0,Yes,No,57,Yes,No,Fiber optic,No,Yes,Yes,No,Yes,Yes,One year,No,Electronic check,105.5,5963.22,No
CUST100335,Female,0,No,No,43,Yes,No,DSL,No,Yes,Yes,No,No,Yes,Two year,Yes,Credit card (automatic),82.24,3525.37,No
CUST100336,Female,1,Yes,No,32,Yes,Yes,No,No internet service,No internet service,No internet service,No internet service,No internet service,No internet service,One year,No,Bank transfer (automatic),35.48,1102.88,Yes
CUST100337,Male,0,No,No,11,Yes,No,No,No internet service,No internet service,No internet service,No internet service,No internet service,No internet service,Month-to-month,No,Credit card (automatic),18.0,196.01,No
CUST100338,Male,1,No,Yes,52,Yes,No,Fiber optic,Yes,No,Yes,No,No,Yes,One year,Yes,Mailed check,87.41,4545.39,No
CUST100339,Female,0,No,No,32,Yes,No,Fiber optic,No,Yes,Yes,No,No,Yes,Month-to-month,Yes,Electronic check,108.23,3580.8,No
CUST100340,Female,0,No,No,3,Yes,No,DSL,Yes,No,Yes,No,No,No,One year,Yes,Mailed check,63.6,242.26,Yes
CUST100341,Male,1,Yes,No,21,Yes,No,DSL,No,No,Yes,No,No,No,Month-to-month,Yes,Electronic check,67.35,1372.56,Yes
CUST100342,Female,0,No,Yes,64,Yes,No,Fiber optic,No,No,No,Yes,Yes,No,Month-to-month,No,Electronic check,100.66,6454.43,No
CUST100343,Female,0,No,Yes,9,No,No phone service,Fiber optic,No,Yes,No,No,Yes,No,Month-to-month,Yes,Credit card (automatic),91.43,834.9,Yes
CUST100344,Female,0,Yes,No,30,Yes,Yes,Fiber optic,No,Yes,Yes,No,Yes,No,Month-to-month,No,Electronic check,118.19,3529.36,Yes
CUST100345,Male,0,No,No,37,Yes,Yes,Fiber optic,Yes,Yes,Yes,No,No,No,One year,Yes,Electronic check,115.04,4244.97,Yes
CUST100346,Female,0,Yes,No,7,Yes,No,Fiber optic,No,No,Yes,No,No,Yes,Month-to-month,No,Electronic check,93.58,635.19,Yes
CUST100347,Female,1,No,No,12,Yes,Yes,DSL,No,Yes,Yes,No,No,Yes,Two year,No,Bank transfer (automatic),92.88,1218.92,Yes
CUST100348,Male,1,No,No,68,Yes,No,DSL,No,Yes,No,No,Yes,No,Month-to-month,No,Mailed check,70.54,4779.11,No
CUST100349,Male,0,Yes,No,43,Yes,Yes,Fiber optic,No,No,Yes,Yes,No,No,One year,No,Electronic check,93.29,4030.55,No
CUST100350,Female,0,No,Yes,16,Yes,No,Fiber optic,No,No,No,Yes,Yes,No,One year,No,Credit card (automatic),104.29,1510.39,No
CUST100351,Male,0,Yes,Yes,13,Yes,No,No,No internet service,No internet service,No internet service,No internet service,No internet service,No internet service,Month-to-month,No,Credit card (automatic),18.0,242.89,Yes
CUST100352,Male,0,No,Yes,31,Yes,Yes,Fiber optic,Yes,Yes,No,No,No,Yes,Two year,No,Mailed check,125.0,3963.82,Yes
CUST100353,Male,0,No,No,53,Yes,Yes,Fiber optic,No,Yes,Yes,No,No,No,Two year,Yes,Credit card (automatic),83.28,4361.27,No
CUST100354,Female,1,No,No,53,Yes,No,Fiber optic,No,No,Yes,No,No,No,Two year,Yes,Bank transfer (automatic),79.98,4214.38,No
CUST100355,Female,1,No,No,15,Yes,No,DSL,No,Yes,Yes,No,No,Yes,Two year,Yes,Bank transfer (automatic),62.1,948.32,No
CUST100356,Male,0,Yes,No,53,Yes,No,Fiber optic,No,No,No,No,Yes,Yes,Two year,No,Credit card (automatic),108.38,5745.41,Yes
CUST100357,Female,0,Yes,No,65,Yes,No,Fiber optic,Yes,Yes,Yes,Yes,Yes,Yes,One year,No,Credit card (automatic),84.16,5493.95,Yes
CUST100358,Male,0,Yes,No,17,Yes,No,Fiber optic,No,Yes,Yes,No,Yes,Yes,Two year,Yes,Bank transfer (automatic),87.98,1480.5,No
CUST100359,Female,0,Yes,No,2,Yes,Yes,DSL,No,No,Yes,No,No,Yes,Month-to-month,No,Mailed check,70.1,218.57,Yes
CUST100360,Female,0,Yes,No,70,No,No phone service,No,No internet service,No internet service,No internet service,No internet service,No internet service,No internet service,One year,Yes,Mailed check,43.11,3000.38,Yes
CUST100361,Female,0,Yes,No,38,No,No phone service,No,No internet service,No internet service,No internet service,No internet service,No internet service,No internet service,Two year,No,Bank transfer (automatic),32.03,1268.87,No
CUST100362,Male,0,Yes,No,56,Yes,No,DSL,Yes,Yes,No,No,Yes,No,Two year,Yes,Credit card (automatic),60.39,3426.84,No
CUST100363,Female,0,Yes,No,24,Yes,Yes,DSL,No,Yes,Yes,No,No,Yes,Two year,Yes,Electronic check,67.63,1656.89,No
CUST100364,Male,1,No,No,22,Yes,Yes,DSL,No,Yes,Yes,No,Yes,Yes,Month-to-month,No,Credit card (automatic),91.35,1952.67,No
CUST100365,Female,0,Yes,No,17,Yes,No,Fiber optic,No,Yes,No,Yes,No,Yes,One year,Yes,Credit card (automatic),109.92,1928.64,No
CUST100366,Male,1,No,No,16,Yes,No,Fiber optic,No,Yes,No,No,No,No,Month-to-month,No,Electronic check,104.64,1712.16,Yes
CUST100367,Male,0,Yes,No,34,Yes,No,DSL,Yes,No,Yes,No,Yes,Yes,Two year,No,Credit card (automatic),80.9,2647.71,No
CUST100368,Male,0,Yes,Yes,8,Yes,No,Fiber optic,No,Yes,No,Yes,No,No,Month-to-month,No,Bank transfer (automatic),98.23,703.06,No
CUST100369,Female,0,Yes,No,61,Yes,No,Fiber optic,No,Yes,Yes,Yes,Yes,No,Month-to-month,Yes,Electronic check,99.26,6076.16,No
CUST100370,Male,0,Yes,No,37,Yes,Yes,Fiber optic,No,Yes,Yes,No,Yes,Yes,Two year,Yes,Bank transfer (automatic),112.57,4156.09,No
CUST100371,Female,0,Yes,Yes,66,Yes,No,Fiber optic,No,Yes,No,Yes,No,No,One year,Yes,Credit card (automatic),110.89,7284.38,No
CUST100372,Male,0,Yes,No,37,Yes,No,Fiber optic,No,No,No,No,Yes,No,One year,Yes,Credit card (automatic),86.54,3258.0,No
CUST100373,Male,1,Yes,Yes,22,Yes,No,Fiber optic,No,No,Yes,Yes,Yes,Yes,Two year,Yes,Mailed check,87.22,1872.59,No
CUST100374,Female,0,Yes,No,38,Yes,No,DSL,No,Yes,No,No,No,No,Two year,Yes,Bank transfer (automatic),57.62,2173.82,No
CUST100375,Male,0,No,No,12,Yes,No,Fiber optic,Yes,Yes,No,No,No,No,Month-to-month,No,Credit card (automatic),95.23,1105.79,No
CUST100376,Female,0,Yes,Yes,60,Yes,No,No,No internet service,No internet service,No internet service,No internet service,No internet service,No internet service,Month-to-month,No,Credit card (automatic),26.42,1593.29,No
CUST100377,Female,0,No,No,52,Yes,No,Fiber optic,No,No,No,No,Yes,Yes,Month-to-month,No,Electronic check,96.77,4932.2,Yes
CUST100378,Male,0,Yes,No,11,Yes,No,No,No internet service,No internet service,No internet service,No internet service,No internet service,No internet service,Month-to-month,Yes,Mailed check,18.58,198.83,No
CUST100379,Male,0,No,No,42,Yes,No,Fiber optic,No,No,No,No,Yes,No,One year,Yes,Credit card (automatic),116.99,4792.65,No
CUST100380,Male,1,No,Yes,39,Yes,Yes,Fiber optic,Yes,No,Yes,No,Yes,Yes,One year,Yes,Electronic check,95.48,3705.8,No
CUST100381,Female,0,No,No,15,Yes,No,DSL,Yes,Yes,Yes,No,No,Yes,One year,Yes,Bank transfer (automatic),73.83,1139.48,Yes
CUST100382,Female,0,No,No,9,Yes,Yes,Fiber optic,No,Yes,No,No,No,No,Month-to-month,Yes,Mailed check,103.43,976.85,Yes
CUST100383,Male,0,Yes,No,55,Yes,No,DSL,Yes,No,Yes,No,Yes,Yes,Month-to-month,No,Mailed check,98.47,5372.86,No
CUST100384,Male,0,No,Yes,20,Yes,No,DSL,No,No,No,Yes,Yes,Yes,One year,No,Credit card (automatic),68.9,1400.05,No
CUST100385,Male,1,Yes,No,38,Yes,No,DSL,No,No,Yes,No,Yes,No,Two year,Yes,Electronic check,68.29,2587.43,No
CUST100386,Male,0,No,No,18,Yes,Yes,DSL,No,No,Yes,Yes,Yes,No,Month-to-month,No,Bank transfer (automatic),88.3,1661.51,Yes
CUST100387,Female,0,No,No,48,Yes,No,No,No internet service,No internet service,No internet service,No internet service,No internet service,No internet service,Two year,No,Mailed check,18.0,862.6,No
CUST100388,Female,0,Yes,No,4,Yes,No,No,No internet service,No internet service,No internet service,No internet service,No internet service,No internet service,Month-to-month,Yes,Credit card (automatic),42.15,93.41,Yes
CUST100389,Male,0,No,Yes,26,Yes,Yes,Fiber optic,No,Yes,No,No,No,Yes,One year,No,Bank transfer (automatic),121.15,3214.93,Yes
CUST100390,Female,0,Yes,Yes,40,Yes,No,DSL,No,Yes,Yes,No,No,No,Two year,Yes,Electronic check,77.92,3095.34,No
CUST100391,Male,0,No,No,32,Yes,Yes,No,No internet service,No internet service,No internet service,No internet service,No internet service,No internet service,Month-to-month,Yes,Credit card (automatic),30.96,985.63,No
CUST100392,Male,0,No,No,45,Yes,No,Fiber optic,Yes,Yes,No,No,Yes,Yes,One year,No,Credit card (automatic),113.21,5117.27,Yes
CUST100393,Female,0,Yes,Yes,13,Yes,Yes,DSL,No,No,No,No,No,Yes,Two year,Yes,Bank transfer (automatic),77.83,945.26,No
CUST100394,Female,1,No,No,32,Yes,No,Fiber optic,No,No,No,No,No,No,Month-to-month,No,Electronic check,95.33,3054.83,Yes
CUST100395,Female,0,No,No,55,No,No phone service,Fiber optic,Yes,No,Yes,Yes,Yes,No,Two year,Yes,Bank transfer (automatic),126.68,7008.03,No
CUST100396,Male,0,Yes,Yes,25,Yes,No,DSL,No,No,No,No,No,No,One year,Yes,Credit card (automatic),56.52,1425.35,No
CUST100397,Male,0,Yes,Yes,12,Yes,No,Fiber optic,No,No,No,Yes,No,Yes,Month-to-month,Yes,Electronic check,84.29,981.19,Yes
CUST100398,Male,1,Yes,No,62,Yes,Yes,Fiber optic,Yes,Yes,Yes,No,No,Yes,Two year,No,Credit card (automatic),104.96,6569.99,No
CUST100399,Male,0,No,No,57,Yes,No,DSL,No,No,Yes,Yes,No,No,One year,No,Mailed check,78.67,4437.11,No
CUST100400,Female,0,Yes,Yes,49,Yes,No,Fiber optic,No,Yes,No,No,No,Yes,Month-to-month,No,Bank transfer (automatic),79.38,3859.83,No
CUST100401,Female,0,No,No,58,Yes,Yes,Fiber optic,No,Yes,No,No,No,Yes,Two year,Yes,Bank transfer (automatic),100.94,5846.28,No
CUST100402,Male,0,No,No,57,Yes,Yes,Fiber optic,No,Yes,No,No,No,Yes,One year,Yes,Electronic check,121.25,6932.75,No
CUST100403,Female,0,Yes,No,54,Yes,Yes,No,No internet service,No internet service,No internet service,No internet service,No internet service,No internet service,Two year,No,Credit card (automatic),27.51,1480.18,No
CUST100404,Male,0,Yes,No,37,Yes,No,Fiber optic,No,No,No,No,No,No,Month-to-month,Yes,Electronic check,88.6,3343.51,No
CUST100405,Female,0,No,No,2,Yes,Yes,Fiber optic,No,Yes,No,Yes,Yes,No,Month-to-month,Yes,Credit card (automatic),114.5,249.29,No
CUST100406,Male,1,No,No,43,Yes,No,Fiber optic,No,No,No,Yes,Yes,Yes,Two year,No,Electronic check,102.49,4411.72,No
CUST100407,Male,0,Yes,Yes,20,No,No phone service,Fiber optic,Yes,No,No,No,Yes,No,One year,Yes,Mailed check,115.2,2321.98,Yes
CUST100408,Female,0,Yes,No,56,Yes,No,Fiber optic,Yes,No,No,Yes,No,No,Month-to-month,Yes,Credit card (automatic),80.96,4569.36,Yes
CUST100409,Male,0,Yes,Yes,34,Yes,No,DSL,Yes,No,No,Yes,Yes,No,Two year,No,Bank transfer (automatic),69.82,2383.97,No
CUST100410,Male,0,No,No,66,Yes,No,Fiber optic,No,No,No,No,Yes,Yes,One year,Yes,Mailed check,105.09,6821.84,No
CUST100411,Male,0,Yes,Yes,43,Yes,No,Fiber optic,No,No,No,No,Yes,No,One year,No,Bank transfer (automatic),93.12,4065.03,No
CUST100412,Male,0,No,No,40,No,No phone service,Fiber optic,No,Yes,Yes,No,No,No,Two year,Yes,Mailed check,100.22,4016.0,No
CUST100413,Male,1,Yes,Yes,67,No,No phone service,No,No internet service,No internet service,No internet service,No internet service,No internet service,No internet service,One year,Yes,Credit card (automatic),25.24,1701.45,No
CUST100414,Male,0,No,Yes,35,Yes,Yes,Fiber optic,Yes,No,Yes,Yes,No,Yes,One year,No,Electronic check,140.0,4865.9,No
CUST100415,Female,0,Yes,Yes,28,Yes,No,Fiber optic,No,No,Yes,Yes,No,Yes,Two year,Yes,Bank transfer (automatic),115.79,3115.21,No
CUST100416,Female,0,Yes,No,27,Yes,Yes,DSL,Yes,No,Yes,No,Yes,Yes,One year,No,Electronic check,114.69,2939.81,Yes
CUST100417,Male,1,No,No,64,Yes,Yes,DSL,No,No,No,Yes,No,Yes,Two year,Yes,Credit card (automatic),110.82,7029.69,No
CUST100418,Male,0,No,Yes,55,Yes,No,Fiber optic,No,Yes,No,Yes,No,No,Two year,Yes,Credit card (automatic),86.03,4758.35,Yes
CUST100419,Female,0,Yes,No,12,Yes,Yes,Fiber optic,No,Yes,Yes,No,No,No,Month-to-month,Yes,Credit card (automatic),115.35,1474.03,Yes
CUST100420,Female,1,Yes,No,36,Yes,Yes,DSL,Yes,No,Yes,Yes,Yes,Yes,One year,Yes,Bank transfer (automatic),106.8,3864.15,No
CUST100421,Female,0,Yes,No,27,Yes,No,DSL,No,No,Yes,No,No,No,Two year,Yes,Mailed check,62.16,1639.08,Yes
CUST100422,Female,1,Yes,No,47,Yes,Yes,DSL,Yes,Yes,No,No,No,Yes,Two year,No,Electronic check,57.19,2661.02,No
CUST100423,Female,0,Yes,No,4,Yes,Yes,Fiber optic,No,Yes,No,No,Yes,Yes,Month-to-month,Yes,Credit card (automatic),85.84,413.45,Yes
CUST100424,Male,0,No,Yes,52,Yes,No,Fiber optic,Yes,Yes,No,No,No,Yes,Month-to-month,Yes,Electronic check,95.54,4892.94,No
CUST100425,Male,0,Yes,No,54,Yes,No,Fiber optic,Yes,No,No,Yes,No,No,One year,Yes,Bank transfer (automatic),122.76,6783.85,Yes
CUST100426,Female,1,No,Yes,17,Yes,No,DSL,Yes,No,No,Yes,No,Yes,Two year,Yes,Bank transfer (automatic),80.62,1461.29,No
CUST100427,Female,0,Yes,No,11,Yes,Yes,DSL,Yes,No,No,Yes,Yes,No,Two year,Yes,Credit card (automatic),71.46,877.59,No
CUST100428,Male,0,Yes,No,46,Yes,No,DSL,No,No,No,No,No,No,Two year,No,Bank transfer (automatic),56.48,2610.98,No
CUST100429,Female,0,No,No,19,Yes,No,Fiber optic,No,Yes,Yes,Yes,No,No,Month-to-month,No,Mailed check,95.09,1787.22,No
CUST100430,Male,0,Yes,No,68,Yes,Yes,DSL,No,No,Yes,Yes,No,No,Two year,No,Credit card (automatic),77.0,5252.46,No
CUST100431,Female,0,No,No,56,No,No phone service,DSL,No,Yes,No,No,Yes,Yes,Month-to-month,Yes,Credit card (automatic),80.84,4571.11,No
CUST100432,Female,0,Yes,No,69,Yes,Yes,No,No internet service,No internet service,No internet service,No internet service,No internet service,No internet service,One year,Yes,Bank transfer (automatic),26.28,1803.06,No
CUST100433,Male,1,No,Yes,39,Yes,Yes,Fiber optic,No,No,No,No,No,Yes,One year,No,Credit card (automatic),109.27,4189.33,No
CUST100434,Male,0,No,Yes,68,Yes,No,Fiber optic,No,No,No,No,No,Yes,One year,Yes,Bank transfer (automatic),114.65,7776.67,No
CUST100435,Male,0,No,No,2,Yes,Yes,DSL,No,No,Yes,No,No,Yes,Month-to-month,Yes,Mailed check,87.78,134.88,No
CUST100436,Female,0,Yes,No,21,Yes,No,DSL,No,No,No,No,No,No,Month-to-month,No,Electronic check,54.92,1194.21,Yes
CUST100437,Female,0,Yes,No,1,Yes,No,No,No internet service,No internet service,No internet service,No internet service,No internet service,No internet service,Month-to-month,Yes,Bank transfer (automatic),22.44,20.0,Yes
CUST100438,Male,0,Yes,Yes,49,Yes,Yes,Fiber optic,No,Yes,No,Yes,No,No,Two year,No,Credit card (automatic),111.59,5474.31,No
CUST100439,Male,0,No,No,37,Yes,No,Fiber optic,No,No,No,No,Yes,No,Month-to-month,Yes,Electronic check,86.83,3263.92,Yes
CUST100440,Female,0,Yes,Yes,21,Yes,Yes,No,No internet service,No internet service,No internet service,No internet service,No internet service,No internet service,Month-to-month,Yes,Electronic check,33.77,735.1,Yes
CUST100441,Male,0,Yes,Yes,22,Yes,Yes,Fiber optic,Yes,No,No,No,Yes,No,Month-to-month,Yes,Bank transfer (automatic),93.14,2060.74,No
CUST100442,Male,0,Yes,Yes,47,Yes,No,DSL,No,Yes,No,No,Yes,No,One year,Yes,Electronic check,48.51,2291.16,No
CUST100443,Male,0,Yes,No,13,Yes,No,Fiber optic,No,Yes,No,No,No,No,Month-to-month,Yes,Bank transfer (automatic),81.3,1007.29,No
CUST100444,Female,0,Yes,No,38,Yes,No,DSL,No,No,No,No,No,No,Two year,No,Credit card (automatic),74.03,2858.58,No
CUST100445,Female,0,Yes,No,45,Yes,No,DSL,No,Yes,Yes,No,Yes,No,One year,No,Bank transfer (automatic),83.21,3807.53,No
CUST100446,Male,0,Yes,No,18,Yes,Yes,DSL,No,No,No,No,No,Yes,Month-to-month,Yes,Electronic check,28.44,480.0,Yes
CUST100447,Female,0,No,No,17,Yes,No,No,No internet service,No internet service,No internet service,No internet service,No internet service,No internet service,Two year,Yes,Bank transfer (automatic),28.81,520.24,No
CUST100448,Female,1,Yes,No,26,Yes,Yes,Fiber optic,No,Yes,No,No,Yes,No,Month-to-month,Yes,Electronic check,84.71,2166.85,Yes
CUST100449,Male,0,Yes,No,43,Yes,No,DSL,No,Yes,No,Yes,No,No,Two year,Yes,Bank transfer (automatic),80.8,3503.23,No
CUST100450,Female,0,No,No,19,Yes,No,DSL,No,No,No,No,Yes,Yes,Month-to-month,No,Bank transfer (automatic),92.33,1758.57,No
CUST100451,Female,0,No,No,28,Yes,Yes,Fiber optic,No,No,No,Yes,Yes,No,Two year,Yes,Credit card (automatic),85.96,2403.77,No
CUST100452,Male,0,Yes,Yes,40,Yes,No,No,No internet service,No internet service,No internet service,No internet service,No internet service,No internet service,Month-to-month,No,Electronic check,18.86,752.06,Yes
CUST100453,Male,0,No,Yes,14,Yes,No,DSL,Yes,No,Yes,No,No,No,One year,Yes,Credit card (automatic),89.26,1196.48,No
CUST100454,Female,0,No,No,41,Yes,No,DSL,No,No,No,No,No,No,Two year,Yes,Mailed check,54.57,2254.52,No
CUST100455,Female,0,No,No,10,Yes,Yes,No,No internet service,No internet service,No internet service,No internet service,No internet service,No internet service,Month-to-month,No,Credit card (automatic),23.86,234.5,No
CUST100456,Male,1,No,No,11,Yes,Yes,No,No internet service,No internet service,No internet service,No internet service,No internet service,No internet service,One year,Yes,Electronic check,38.71,395.4,No
CUST100457,Female,0,No,No,18,Yes,Yes,No,No internet service,No internet service,No internet service,No internet service,No internet service,No internet service,Month-to-month,Yes,Mailed check,23.91,415.53,No
CUST100458,Female,0,Yes,Yes,21,Yes,Yes,DSL,No,Yes,Yes,No,No,Yes,Month-to-month,Yes,Mailed check,82.13,1661.04,No
CUST100459,Male,0,Yes,No,3,Yes,No,DSL,Yes,No,No,No,Yes,No,One year,No,Mailed check,90.05,241.81,No
CUST100460,Female,1,No,No,70,Yes,Yes,Fiber optic,No,No,Yes,No,No,No,Two year,Yes,Credit card (automatic),115.59,8124.94,No
CUST100461,Male,0,No,No,23,Yes,Yes,DSL,No,No,Yes,No,No,Yes,Month-to-month,Yes,Electronic check,97.49,2200.67,No
CUST100462,Female,0,Yes,Yes,58,Yes,No,No,No internet service,No internet service,No internet service,No internet service,No internet service,No internet service,One year,Yes,Electronic check,30.55,1789.78,Yes
CUST100463,Male,0,Yes,Yes,65,Yes,Yes,DSL,Yes,No,No,No,Yes,Yes,Two year,Yes,Bank transfer (automatic),79.8,5181.29,No
CUST100464,Male,0,No,No,58,Yes,No,Fiber optic,Yes,No,No,No,Yes,Yes,Two year,No,Bank transfer (automatic),86.51,5002.56,No
CUST100465,Female,1,Yes,No,60,Yes,No,No,No internet service,No internet service,No internet service,No internet service,No internet service,No internet service,Two year,Yes,Mailed check,33.51,2010.94,No
CUST100466,Male,0,No,No,8,Yes,Yes,No,No internet service,No internet service,No internet service,No internet service,No internet service,No internet service,One year,Yes,Mailed check,31.4,277.48,No
CUST100467,Female,0,Yes,No,27,Yes,No,Fiber optic,No,No,No,Yes,No,Yes,One year,Yes,Electronic check,101.84,2665.89,No
CUST100468,Male,0,No,No,54,No,No phone service,No,No internet service,No internet service,No internet service,No internet service,No internet service,No internet service,Two year,Yes,Credit card (automatic),25.68,1412.24,No
CUST100469,Female,0,No,No,42,Yes,Yes,DSL,Yes,Yes,Yes,Yes,No,Yes,One year,No,Bank transfer (automatic),111.81,4760.43,No
CUST100470,Female,1,No,No,1,No,No phone service,Fiber optic,No,No,No,No,No,Yes,Month-to-month,Yes,Electronic check,133.34,131.61,Yes
CUST100471,Female,0,No,No,41,Yes,No,DSL,No,No,No,No,No,No,Two year,No,Bank transfer (automatic),65.81,2744.92,No
CUST100472,Male,0,No,No,58,Yes,No,No,No internet service,No internet service,No internet service,No internet service,No internet service,No internet service,One year,Yes,Credit card (automatic),18.0,1040.52,No
CUST100473,Male,1,No,No,60,Yes,No,No,No internet service,No internet service,No internet service,No internet service,No internet service,No internet service,Month-to-month,No,Credit card (automatic),21.83,1313.54,No
CUST100474,Female,1,No,No,28,Yes,No,DSL,No,No,No,No,No,No,Two year,Yes,Electronic check,60.83,1683.48,No
CUST100475,Female,0,Yes,No,18,Yes,No,DSL,No,Yes,Yes,No,Yes,Yes,Month-to-month,Yes,Bank transfer (automatic),112.84,2096.55,Yes
CUST100476,Female,0,No,No,23,Yes,No,Fiber optic,No,No,No,No,Yes,Yes,Month-to-month,Yes,Electronic check,97.13,2192.77,Yes
CUST100477,Male,0,Yes,No,22,Yes,Yes,DSL,No,Yes,No,No,No,No,One year,Yes,Mailed check,73.91,1623.74,No
CUST100478,Female,0,No,No,25,Yes,Yes,Fiber optic,No,No,No,No,Yes,No,Two year,No,Credit card (automatic),102.54,2605.28,No
CUST100479,Male,0,No,No,22,Yes,No,DSL,Yes,No,No,Yes,No,Yes,Month-to-month,No,Credit card (automatic),100.64,2277.37,No
CUST100480,Male,0,Yes,No,33,No,No phone service,Fiber optic,Yes,Yes,Yes,No,No,No,Month-to-month,Yes,Electronic check,83.9,2727.36,No
CUST100481,Female,1,Yes,No,3,Yes,No,Fiber optic,No,No,No,No,Yes,No,Month-to-month,Yes,Credit card (automatic),99.48,343.39,Yes
CUST100482,Male,1,Yes,No,20,No,No phone service,Fiber optic,No,Yes,No,No,Yes,No,Month-to-month,No,Bank transfer (automatic),85.12,1652.25,No
CUST100483,Female,1,No,No,23,Yes,No,DSL,No,No,No,Yes,No,No,Two year,Yes,Credit card (automatic),85.18,1849.24,No
CUST100484,Male,1,Yes,No,12,Yes,No,No,No internet service,No internet service,No internet service,No internet service,No internet service,No internet service,Month-to-month,Yes,Bank transfer (automatic),18.0,207.92,No
CUST100485,Male,0,Yes,No,64,Yes,Yes,Fiber optic,No,No,No,No,Yes,Yes,Two year,No,Bank transfer (automatic),97.62,6296.57,No
CUST100486,Male,0,No,No,49,Yes,Yes,Fiber optic,Yes,No,Yes,No,Yes,No,Month-to-month,Yes,Credit card (automatic),119.4,5849.72,Yes
CUST100487,Female,0,No,No,66,Yes,No,Fiber optic,No,No,No,Yes,No,Yes,Month-to-month,Yes,Electronic check,98.87,6493.68,No
CUST100488,Female,0,Yes,Yes,41,Yes,Yes,No,No internet service,No internet service,No internet service,No internet service,No internet service,No internet service,One year,Yes,Bank transfer (automatic),22.32,915.86,No
CUST100489,Female,0,Yes,No,8,Yes,No,Fiber optic,No,No,Yes,Yes,Yes,No,One year,Yes,Mailed check,113.57,910.09,No
CUST100490,Female,0,No,No,66,Yes,No,Fiber optic,No,Yes,Yes,No,No,Yes,Two year,No,Credit card (automatic),103.95,6899.49,No
CUST100491,Female,0,No,Yes,33,Yes,No,Fiber optic,No,No,No,No,Yes,Yes,One year,No,Electronic check,100.14,3207.78,No
CUST100492,Female,0,No,No,50,Yes,No,No,No internet service,No internet service,No internet service,No internet service,No internet service,No internet service,One year,No,Bank transfer (automatic),29.88,1492.17,No
CUST100493,Female,0,Yes,No,28,Yes,No,DSL,No,Yes,Yes,No,No,No,Month-to-month,Yes,Bank transfer (automatic),58.46,1641.24,No
CUST100494,Male,0,Yes,Yes,36,Yes,No,Fiber optic,Yes,Yes,Yes,No,No,No,One year,No,Mailed check,108.83,3828.72,No
CUST100495,Male,0,Yes,No,36,Yes,Yes,Fiber optic,No,Yes,No,Yes,Yes,No,One year,No,Mailed check,125.47,4413.1,No
CUST100496,Male,0,No,No,21,No,No phone service,Fiber optic,No,Yes,Yes,No,Yes,No,Two year,No,Mailed check,76.96,1599.32,No
CUST100497,Male,0,Yes,No,40,Yes,No,No,No internet service,No internet service,No internet service,No internet service,No internet service,No internet service,One year,No,Credit card (automatic),25.26,1010.53,No
CUST100498,Female,1,Yes,No,53,Yes,No,No,No internet service,No internet service,No internet service,No internet service,No internet service,No internet service,Two year,No,Mailed check,22.67,1201.67,No
CUST100499,Male,0,No,No,2,Yes,Yes,Fiber optic,No,Yes,Yes,Yes,No,Yes,One year,No,Bank transfer (automatic),128.76,214.54,No
CUST100500,Male,0,No,No,10,Yes,No,Fiber optic,No,Yes,No,Yes,Yes,No,Month-to-month,No,Mailed check,115.48,1113.41,No
CUST100501,Female,0,No,No,61,Yes,No,No,No internet service,No internet service,No internet service,No internet service,No internet service,No internet service,One year,Yes,Credit card (automatic),35.47,2155.26,No
CUST100502,Female,0,Yes,Yes,42,Yes,Yes,No,No internet service,No internet service,No internet service,No internet service,No internet service,No internet service,Two year,Yes,Credit card (automatic),26.66,1124.5,No
CUST100503,Female,0,Yes,No,71,Yes,No,Fiber optic,No,Yes,Yes,No,Yes,Yes,One year,No,Mailed check,103.91,7455.21,No
CUST100504,Male,0,Yes,No,44,Yes,No,DSL,No,Yes,No,No,No,No,One year,No,Credit card (automatic),72.49,3092.99,No
CUST100505,Male,0,Yes,No,48,Yes,No,DSL,No,No,Yes,No,No,Yes,Two year,Yes,Credit card (automatic),72.94,3528.39,Yes
CUST100506,Female,0,No,No,65,No,No phone service,No,No internet service,No internet service,No internet service,No internet service,No internet service,No internet service,Month-to-month,Yes,Bank transfer (automatic),35.53,2307.08,Yes
CUST100507,Male,0,Yes,No,48,Yes,Yes,Fiber optic,Yes,Yes,No,Yes,No,No,Two year,Yes,Bank transfer (automatic),101.51,4904.5,No
CUST100508,Male,1,No,No,24,Yes,No,Fiber optic,No,Yes,No,Yes,No,No,Month-to-month,No,Electronic check,109.76,2712.32,Yes
CUST100509,Male,0,No,Yes,39,Yes,No,Fiber optic,Yes,No,No,No,Yes,No,One year,Yes,Credit card (automatic),104.81,4040.1,No
CUST100510,Female,0,No,No,17,Yes,No,Fiber optic,No,No,Yes,No,No,No,Month-to-month,Yes,Mailed check,71.66,1258.82,No
CUST100511,Female,0,Yes,No,25,Yes,Yes,Fiber optic,No,Yes,No,No,Yes,No,One year,Yes,Mailed check,99.66,2416.51,Yes
CUST100512,Female,0,Yes,No,49,Yes,Yes,Fiber optic,Yes,Yes,Yes,No,No,Yes,Month-to-month,Yes,Electronic check,122.02,5988.32,Yes
CUST100513,Female,1,Yes,No,11,Yes,No,DSL,Yes,No,Yes,No,No,Yes,Month-to-month,No,Electronic check,89.08,966.92,No
CUST100514,Female,1,Yes,No,49,Yes,No,Fiber optic,No,Yes,No,Yes,No,No,One year,Yes,Bank transfer (automatic),78.69,3858.0,No
CUST100515,Male,0,Yes,No,43,Yes,Yes,Fiber optic,No,No,Yes,No,No,Yes,One year,Yes,Electronic check,98.11,4160.51,No
CUST100516,Female,0,Yes,No,23,Yes,Yes,Fiber optic,Yes,Yes,Yes,No,Yes,No,One year,Yes,Bank transfer (automatic),124.65,2899.62,Yes
CUST100517,Male,0,No,Yes,4,No,No phone service,DSL,No,Yes,No,Yes,Yes,Yes,Month-to-month,No,Credit card (automatic),86.84,430.01,No
CUST100518,Male,0,Yes,No,51,Yes,No,Fiber optic,Yes,No,No,Yes,Yes,No,Month-to-month,No,Electronic check,98.67,4974.63,No
CUST100519,Female,1,No,No,60,Yes,No,DSL,Yes,No,No,No,No,No,Month-to-month,Yes,Electronic check,70.4,4232.01,No
CUST100520,Male,0,Yes,No,53,Yes,No,DSL,No,No,No,No,No,No,One year,Yes,Electronic check,67.55,3614.84,Yes
CUST100521,Male,0,Yes,No,31,Yes,No,Fiber optic,Yes,No,No,No,Yes,Yes,Month-to-month,No,Electronic check,113.23,3489.97,No
CUST100522,Male,0,Yes,Yes,48,Yes,No,DSL,Yes,No,No,No,Yes,Yes,Month-to-month,No,Credit card (automatic),87.39,4266.05,No
CUST100523,Female,0,Yes,No,30,Yes,No,No,No internet service,No internet service,No internet service,No internet service,No internet service,No internet service,One year,No,Bank transfer (automatic),19.03,565.99,No
CUST100524,Male,0,Yes,No,26,Yes,Yes,No,No internet service,No internet service,No internet service,No internet service,No internet service,No internet service,Two year,Yes,Credit card (automatic),35.36,916.89,No
CUST100525,Male,0,No,No,24,Yes,No,DSL,No,No,No,No,Yes,No,One year,No,Credit card (automatic),76.19,1783.16,No
CUST100526,Female,0,Yes,Yes,16,Yes,Yes,Fiber optic,No,Yes,No,No,No,Yes,Month-to-month,No,Electronic check,96.09,1544.74,Yes
CUST100527,Male,0,Yes,Yes,70,No,No phone service,Fiber optic,No,No,No,No,No,Yes,Two year,Yes,Credit card (automatic),89.66,6276.36,No
CUST100528,Female,0,No,No,48,Yes,No,Fiber optic,Yes,Yes,No,No,No,No,One year,No,Bank transfer (automatic),114.53,5541.14,No
CUST100529,Female,1,Yes,No,13,Yes,Yes,No,No internet service,No internet service,No internet service,No internet service,No internet service,No internet service,One year,No,Bank transfer (automatic),27.96,352.81,No
CUST100530,Female,1,No,Yes,63,Yes,No,Fiber optic,No,No,No,No,No,Yes,Month-to-month,No,Electronic check,87.6,5482.95,Yes
CUST100531,Male,0,Yes,Yes,11,Yes,No,DSL,Yes,No,No,No,Yes,No,Month-to-month,No,Electronic check,68.59,773.52,Yes
CUST100532,Male,0,No,No,43,Yes,Yes,DSL,No,No,No,No,No,No,One year,Yes,Credit card (automatic),70.64,3096.74,No
CUST100533,Male,0,Yes,Yes,12,Yes,No,Fiber optic,No,No,Yes,No,Yes,No,Month-to-month,Yes,Bank transfer (automatic),104.59,1294.55,Yes
CUST100534,Female,1,Yes,No,27,Yes,Yes,No,No internet service,No internet service,No internet service,No internet service,No internet service,No internet service,Two year,Yes,Mailed check,28.17,791.81,No
CUST100535,Male,0,No,No,48,Yes,No,Fiber optic,No,Yes,Yes,Yes,Yes,No,One year,Yes,Electronic check,108.85,5261.07,No
CUST100536,Male,0,No,Yes,72,Yes,No,Fiber optic,Yes,Yes,No,Yes,No,No,Month-to-month,Yes,Mailed check,115.82,8375.13,Yes
CUST100537,Male,0,Yes,No,72,Yes,Yes,DSL,No,No,Yes,No,No,Yes,Month-to-month,Yes,Bank transfer (automatic),79.56,5760.75,No
CUST100538,Female,0,No,Yes,65,Yes,No,No,No internet service,No internet service,No internet service,No internet service,No internet service,No internet service,Month-to-month,No,Mailed check,31.09,2048.61,No
CUST100539,Male,0,Yes,No,17,Yes,No,DSL,No,No,No,No,Yes,No,Month-to-month,Yes,Electronic check,73.81,1309.58,No
CUST100540,Female,0,Yes,No,7,Yes,Yes,Fiber optic,No,No,Yes,No,No,Yes,Month-to-month,No,Electronic check,73.87,469.01,No
CUST100541,Male,0,Yes,No,66,Yes,No,Fiber optic,No,No,No,No,Yes,No,One year,Yes,Credit card (automatic),89.21,5930.71,No
CUST100542,Male,0,No,No,67,Yes,No,DSL,No,No,No,Yes,No,Yes,Month-to-month,Yes,Bank transfer (automatic),85.77,5760.25,Yes
CUST100543,Male,0,Yes,Yes,21,Yes,No,DSL,No,No,No,Yes,No,Yes,One year,Yes,Electronic check,86.66,1809.77,Yes
CUST100544,Female,0,No,No,2,Yes,Yes,Fiber optic,No,No,No,No,Yes,No,Two year,Yes,Bank transfer (automatic),116.65,109.21,Yes
CUST100545,Male,0,Yes,No,47,Yes,No,DSL,No,No,No,No,Yes,No,Two year,Yes,Bank transfer (automatic),54.13,2494.09,No
CUST100546,Male,0,No,No,6,Yes,Yes,Fiber optic,No,No,Yes,No,Yes,No,Month-to-month,Yes,Bank transfer (automatic),129.55,748.97,Yes
CUST100547,Female,0,No,No,3,Yes,No,Fiber optic,No,No,No,No,Yes,Yes,Month-to-month,No,Electronic check,89.36,189.55,Yes
CUST100548,Female,0,Yes,Yes,68,Yes,No,DSL,No,No,No,No,No,Yes,Two year,Yes,Bank transfer (automatic),74.35,5040.47,No
CUST100549,Female,1,Yes,No,36,Yes,No,Fiber optic,Yes,No,Yes,No,No,Yes,Two year,Yes,Credit card (automatic),109.71,3996.58,No
CUST100550,Female,0,Yes,No,9,No,No phone service,DSL,Yes,Yes,Yes,No,Yes,Yes,Month-to-month,Yes,Electronic check,72.99,631.47,No
CUST100551,Male,1,No,No,48,Yes,Yes,DSL,No,No,Yes,No,Yes,No,Month-to-month,Yes,Electronic check,74.36,3573.0,No
CUST100552,Female,0,Yes,No,27,Yes,Yes,Fiber optic,Yes,Yes,No,Yes,No,No,Two year,Yes,Electronic check,112.65,2969.23,No
CUST100553,Male,0,No,No,39,Yes,No,Fiber optic,No,Yes,No,No,No,No,Month-to-month,Yes,Electronic check,88.19,3455.22,No
CUST100554,Female,0,Yes,Yes,65,No,No phone service,Fiber optic,No,No,No,No,Yes,No,Two year,No,Credit card (automatic),83.24,5435.98,No
CUST100555,Female,0,No,No,18,No,No phone service,DSL,No,Yes,No,Yes,No,Yes,Month-to-month,No,Credit card (automatic),101.67,1743.26,Yes
CUST100556,Female,0,Yes,No,47,Yes,Yes,Fiber optic,No,No,Yes,No,No,No,Month-to-month,No,Electronic check,104.66,4871.8,Yes
CUST100557,Female,0,Yes,No,60,Yes,No,Fiber optic,Yes,No,No,No,Yes,Yes,Two year,No,Credit card (automatic),127.06,7527.0,No
CUST100558,Female,0,No,No,31,Yes,No,No,No internet service,No internet service,No internet service,No internet service,No internet service,No internet service,Two year,Yes,Electronic check,18.99,594.49,No
CUST100559,Female,0,Yes,No,70,Yes,No,Fiber optic,No,Yes,No,No,Yes,Yes,One year,Yes,Bank transfer (automatic),101.34,7103.77,Yes
CUST100560,Female,0,No,No,33,Yes,Yes,No,No internet service,No internet service,No internet service,No internet service,No internet service,No internet service,Two year,Yes,Credit card (automatic),36.42,1200.77,No
CUST100561,Male,0,Yes,No,34,Yes,Yes,DSL,No,No,No,No,No,No,Two year,No,Bank transfer (automatic),71.77,2434.66,No
CUST100562,Male,0,Yes,No,64,Yes,No,Fiber optic,Yes,No,Yes,No,Yes,Yes,One year,Yes,Bank transfer (automatic),117.56,7546.61,No
CUST100563,Male,0,No,Yes,46,No,No phone service,Fiber optic,No,Yes,Yes,Yes,No,No,Two year,Yes,Bank transfer (automatic),78.98,3649.33,No
CUST100564,Female,0,No,No,63,Yes,No,Fiber optic,No,No,No,No,Yes,Yes,One year,No,Mailed check,75.22,4716.49,Yes
CUST100565,Male,1,No,No,57,No,No phone service,Fiber optic,Yes,No,Yes,Yes,No,Yes,Month-to-month,Yes,Credit card (automatic),107.7,6097.83,Yes
CUST100566,Male,0,Yes,No,52,Yes,Yes,Fiber optic,Yes,Yes,No,Yes,Yes,Yes,Two year,Yes,Mailed check,130.34,6773.07,No
CUST100567,Male,0,Yes,No,18,Yes,Yes,No,No internet service,No internet service,No internet service,No internet service,No internet service,No internet service,Month-to-month,No,Electronic check,18.0,321.95,Yes
CUST100568,Female,0,Yes,No,29,Yes,Yes,DSL,No,Yes,Yes,No,No,Yes,Two year,Yes,Credit card (automatic),79.72,2410.45,No
CUST100569,Female,0,No,No,63,Yes,No,No,No internet service,No internet service,No internet service,No internet service,No internet service,No internet service,Month-to-month,Yes,Mailed check,28.01,1758.18,No
CUST100570,Female,0,Yes,No,45,Yes,Yes,Fiber optic,Yes,Yes,No,Yes,No,No,Month-to-month,Yes,Electronic check,122.8,5547.34,No
CUST100571,Male,0,Yes,Yes,21,No,No phone service,Fiber optic,No,Yes,No,No,No,Yes,Month-to-month,Yes,Electronic check,105.59,2246.91,No
CUST100572,Male,0,Yes,No,24,Yes,Yes,Fiber optic,No,No,No,No,No,Yes,One year,No,Electronic check,94.39,2344.68,No
CUST100573,Male,0,Yes,No,56,Yes,No,DSL,No,No,No,Yes,Yes,No,Two year,No,Mailed check,59.71,3314.7,No
CUST100574,Male,0,Yes,No,13,Yes,Yes,No,No internet service,No internet service,No internet service,No internet service,No internet service,No internet service,Month-to-month,Yes,Electronic check,30.24,417.43,Yes
CUST100575,Male,0,Yes,No,9,Yes,Yes,No,No internet service,No internet service,No internet service,No internet service,No internet service,No internet service,Month-to-month,Yes,Mailed check,30.44,271.27,Yes
CUST100576,Female,0,No,No,56,Yes,No,No,No internet service,No internet service,No internet service,No internet service,No internet service,No internet service,One year,Yes,Bank transfer (automatic),32.27,1855.55,No
CUST100577,Female,0,No,Yes,21,Yes,No,No,No internet service,No internet service,No internet service,No internet service,No internet service,No internet service,Month-to-month,Yes,Credit card (automatic),31.14,660.71,Yes
CUST100578,Female,0,Yes,No,56,Yes,Yes,Fiber optic,No,Yes,No,No,No,Yes,Two year,Yes,Credit card (automatic),77.81,4299.99,No
CUST100579,Male,0,No,Yes,39,Yes,No,Fiber optic,No,No,Yes,No,No,No,Two year,Yes,Mailed check,80.73,3138.92,Yes
CUST100580,Male,0,No,No,72,Yes,Yes,No,No internet service,No internet service,No internet service,No internet service,No internet service,No internet service,Month-to-month,No,Credit card (automatic),38.43,2797.77,Yes
CUST100581,Female,0,Yes,No,38,Yes,Yes,DSL,No,Yes,Yes,Yes,Yes,No,One year,No,Credit card (automatic),94.13,3581.55,No
CUST100582,Male,0,Yes,No,63,Yes,No,Fiber optic,Yes,No,Yes,Yes,Yes,No,Two year,No,Credit card (automatic),130.56,8220.61,No
CUST100583,Male,0,Yes,No,62,Yes,No,Fiber optic,No,No,Yes,No,No,Yes,Month-to-month,No,Bank transfer (automatic),108.27,6759.45,No
CUST100584,Male,0,Yes,No,16,Yes,No,Fiber optic,Yes,Yes,Yes,No,Yes,No,Month-to-month,Yes,Electronic check,100.34,1584.67,Yes
CUST100585,Female,0,No,No,72,Yes,No,Fiber optic,No,Yes,No,Yes,Yes,Yes,One year,No,Mailed check,117.02,8410.64,No
CUST100586,Female,0,No,No,54,Yes,Yes,Fiber optic,Yes,Yes,No,No,No,Yes,One year,No,Credit card (automatic),103.88,5550.64,No
CUST100587,Male,1,Yes,No,8,Yes,No,DSL,No,Yes,No,No,No,Yes,Month-to-month,Yes,Mailed check,73.95,668.31,No
CUST100588,Female,0,No,No,1,Yes,No,Fiber optic,No,No,Yes,No,Yes,No,Month-to-month,Yes,Credit card (automatic),103.33,27.53,No
CUST100589,Female,0,Yes,Yes,20,No,No phone service,Fiber optic,No,No,No,Yes,Yes,Yes,One year,Yes,Credit card (automatic),108.07,2172.39,No
CUST100590,Female,0,No,No,2,Yes,Yes,DSL,No,No,No,Yes,Yes,Yes,Month-to-month,No,Electronic check,89.12,203.9,Yes
CUST100591,Female,0,No,No,26,Yes,No,DSL,Yes,Yes,Yes,No,Yes,No,Two year,No,Bank transfer (automatic),84.32,2191.63,No
CUST100592,Male,1,Yes,No,72,No,No phone service,Fiber optic,No,No,Yes,Yes,Yes,No,One year,No,Credit card (automatic),115.03,8195.62,No
CUST100593,Female,1,Yes,Yes,35,Yes,Yes,DSL,No,Yes,Yes,No,Yes,No,One year,Yes,Electronic check,93.67,3222.32,No
CUST100594,Male,1,No,Yes,2,Yes,No,Fiber optic,Yes,Yes,Yes,Yes,Yes,Yes,One year,No,Credit card (automatic),140.0,323.89,Yes
CUST100595,Female,0,No,No,36,Yes,No,DSL,Yes,Yes,No,No,Yes,No,One year,Yes,Credit card (automatic),78.27,2781.1,No
CUST100596,Female,0,Yes,No,16,Yes,Yes,Fiber optic,Yes,No,No,No,Yes,No,Month-to-month,Yes,Electronic check,104.44,1541.2,No
CUST100597,Female,0,Yes,No,62,Yes,No,DSL,No,Yes,No,No,No,No,Month-to-month,Yes,Electronic check,66.25,4122.88,Yes
CUST100598,Female,0,Yes,No,7,Yes,Yes,Fiber optic,No,No,No,No,No,No,Month-to-month,No,Mailed check,98.72,639.36,No
CUST100599,Female,0,No,No,56,Yes,No,Fiber optic,No,No,No,Yes,No,Yes,One year,No,Credit card (automatic),104.91,5914.69,No
CUST100600,Female,0,No,Yes,33,Yes,Yes,Fiber optic,Yes,No,No,No,Yes,Yes,Two year,Yes,Bank transfer (automatic),130.3,4284.14,No
CUST100601,Female,0,No,Yes,2,Yes,Yes,Fiber optic,Yes,Yes,Yes,No,Yes,Yes,Month-to-month,Yes,Electronic check,98.59,182.4,Yes
CUST100602,Female,0,No,No,49,Yes,Yes,Fiber optic,No,No,No,Yes,Yes,No,One year,Yes,Electronic check,124.46,6102.44,No
CUST100603,Male,0,No,Yes,33,Yes,No,DSL,Yes,No,No,No,No,Yes,Month-to-month,Yes,Electronic check,83.71,2705.25,No
CUST100604,Female,0,No,No,56,Yes,Yes,Fiber optic,No,Yes,Yes,Yes,Yes,No,Month-to-month,No,Electronic check,119.84,6651.69,No
CUST100605,Female,0,Yes,Yes,45,Yes,No,Fiber optic,Yes,No,Yes,No,Yes,No,Two year,Yes,Mailed check,108.9,4883.52,No
CUST100606,Male,0,No,Yes,57,Yes,Yes,Fiber optic,No,No,Yes,No,No,Yes,Month-to-month,Yes,Credit card (automatic),101.53,5717.5,No
CUST100607,Female,0,Yes,Yes,34,Yes,No,Fiber optic,No,Yes,Yes,No,Yes,No,Two year,Yes,Electronic check,99.78,3435.25,Yes
CUST100608,Female,0,Yes,Yes,1,Yes,Yes,Fiber optic,No,Yes,Yes,No,Yes,No,Month-to-month,No,Credit card (automatic),110.3,89.96,Yes
CUST100609,Female,0,No,Yes,10,Yes,Yes,Fiber optic,Yes,No,No,Yes,No,No,Month-to-month,No,Credit card (automatic),112.02,1022.78,No
CUST100610,Female,0,No,No,34,Yes,No,DSL,No,Yes,No,Yes,No,Yes,Month-to-month,Yes,Bank transfer (automatic),84.72,2852.06,No
CUST100611,Male,0,No,No,29,Yes,No,DSL,Yes,No,Yes,No,Yes,No,Two year,Yes,Bank transfer (automatic),80.01,2325.15,No
CUST100612,Female,0,Yes,No,58,Yes,No,DSL,Yes,No,No,No,Yes,Yes,Month-to-month,No,Electronic check,77.2,4456.94,No
CUST100613,Male,0,No,No,30,Yes,No,Fiber optic,No,Yes,Yes,No,Yes,No,One year,Yes,Bank transfer (automatic),115.08,3480.01,No
CUST100614,Female,0,Yes,No,62,Yes,No,Fiber optic,No,No,No,No,No,Yes,Two year,Yes,Bank transfer (automatic),80.06,4991.29,No
CUST100615,Female,0,Yes,No,14,Yes,No,Fiber optic,No,No,No,Yes,Yes,No,One year,Yes,Mailed check,105.5,1629.03,No
CUST100616,Male,0,Yes,No,28,Yes,No,Fiber optic,No,No,Yes,No,Yes,Yes,Month-to-month,No,Mailed check,125.75,3607.82,No
CUST100617,Male,0,No,Yes,55,No,No phone service,DSL,Yes,No,No,No,No,No,Two year,No,Electronic check,72.84,3934.68,No
CUST100618,Male,0,Yes,No,9,Yes,No,No,No internet service,No internet service,No internet service,No internet service,No internet service,No internet service,Month-to-month,Yes,Electronic check,21.84,191.84,Yes
CUST100619,Male,0,No,No,24,Yes,No,DSL,No,No,No,No,Yes,No,Month-to-month,Yes,Bank transfer (automatic),71.43,1702.89,No
CUST100620,Male,0,Yes,No,55,Yes,No,Fiber optic,Yes,Yes,No,No,Yes,Yes,One year,Yes,Bank transfer (automatic),108.51,6005.49,Yes
CUST100621,Male,0,Yes,Yes,43,Yes,No,No,No internet service,No internet service,No internet service,No internet service,No internet service,No internet service,Two year,Yes,Electronic check,29.11,1235.42,No
CUST100622,Male,1,No,No,57,Yes,No,Fiber optic,No,Yes,Yes,No,No,No,One year,Yes,Electronic check,110.66,6272.35,No
CUST100623,Male,0,Yes,No,38,Yes,No,DSL,No,Yes,Yes,No,No,Yes,Two year,Yes,Mailed check,71.06,2647.22,No
CUST100624,Female,0,No,No,62,No,No phone service,DSL,Yes,Yes,Yes,Yes,Yes,No,Two year,Yes,Bank transfer (automatic),103.35,6370.35,No
CUST100625,Male,1,No,No,64,Yes,No,Fiber optic,Yes,No,No,No,No,Yes,One year,Yes,Bank transfer (automatic),111.8,7117.3,No
CUST100626,Male,0,Yes,No,71,No,No phone service,DSL,Yes,No,Yes,Yes,Yes,No,One year,Yes,Electronic check,73.32,5191.95,No
CUST100627,Male,0,No,No,9,Yes,No,Fiber optic,Yes,No,No,No,Yes,No,One year,Yes,Bank transfer (automatic),99.16,821.85,No
CUST100628,Female,1,No,No,43,No,No phone service,Fiber optic,No,No,Yes,No,No,Yes,One year,No,Credit card (automatic),100.63,4386.38,No
CUST100629,Male,0,No,Yes,9,Yes,No,DSL,No,Yes,Yes,Yes,Yes,Yes,Month-to-month,Yes,Mailed check,88.19,818.7,Yes
CUST100630,Female,0,No,Yes,17,Yes,No,DSL,No,No,No,No,No,Yes,Month-to-month,No,Mailed check,74.19,1196.74,Yes
CUST100631,Male,0,No,No,22,Yes,No,Fiber optic,No,Yes,No,No,No,Yes,Two year,No,Bank transfer (automatic),95.65,2105.79,Yes
CUST100632,Male,0,No,No,47,Yes,No,Fiber optic,No,Yes,Yes,Yes,Yes,No,Month-to-month,No,Credit card (automatic),134.44,6192.42,No
CUST100633,Male,0,Yes,No,32,Yes,No,Fiber optic,No,Yes,No,No,Yes,No,Month-to-month,Yes,Credit card (automatic),92.46,3033.18,Yes
CUST100634,Male,0,No,No,63,Yes,Yes,Fiber optic,No,No,No,No,Yes,Yes,Month-to-month,Yes,Electronic check,116.87,7475.99,No
CUST100635,Female,0,No,Yes,22,Yes,No,DSL,Yes,No,Yes,Yes,No,No,Month-to-month,Yes,Electronic check,75.71,1663.09,No
CUST100636,Male,0,No,No,45,Yes,Yes,Fiber optic,Yes,Yes,Yes,No,Yes,Yes,Two year,Yes,Electronic check,117.3,5218.49,No
CUST100637,Male,0,No,Yes,55,Yes,Yes,Fiber optic,No,No,Yes,No,Yes,No,One year,Yes,Credit card (automatic),108.43,5920.43,No
CUST100638,Female,0,Yes,No,71,No,No phone service,Fiber optic,No,Yes,No,No,No,No,Two year,Yes,Electronic check,118.27,8364.97,No
CUST100639,Female,0,No,No,18,Yes,No,Fiber optic,Yes,Yes,No,Yes,Yes,No,One year,Yes,Credit card (automatic),116.23,2084.69,No
CUST100640,Female,1,No,Yes,53,Yes,No,No,No internet service,No internet service,No internet service,No internet service,No internet service,No internet service,One year,No,Electronic check,24.17,1300.88,No
CUST100641,Female,0,Yes,Yes,7,Yes,No,Fiber optic,Yes,No,No,No,Yes,Yes,One year,Yes,Bank transfer (automatic),123.47,935.08,No
CUST100642,Female,0,Yes,No,40,Yes,Yes,Fiber optic,No,Yes,No,No,Yes,Yes,Two year,No,Mailed check,107.87,4377.65,No
CUST100643,Male,0,No,Yes,30,Yes,No,Fiber optic,No,Yes,No,No,Yes,No,Two year,No,Bank transfer (automatic),83.33,2508.43,No
CUST100644,Female,0,Yes,Yes,70,No,No phone service,Fiber optic,No,Yes,No,No,No,No,Two year,Yes,Bank transfer (automatic),104.3,7228.81,No
CUST100645,Male,0,No,No,56,Yes,No,DSL,No,No,Yes,Yes,Yes,Yes,One year,Yes,Credit card (automatic),72.72,4038.72,No
CUST100646,Male,0,Yes,No,67,Yes,No,Fiber optic,No,No,No,No,No,Yes,Two year,Yes,Bank transfer (automatic),107.8,7226.53,No
CUST100647,Female,0,Yes,No,62,Yes,No,No,No internet service,No internet service,No internet service,No internet service,No internet service,No internet service,Month-to-month,No,Mailed check,36.17,2216.47,Yes
CUST100648,Female,1,No,Yes,30,Yes,Yes,DSL,No,No,Yes,No,Yes,No,Two year,No,Credit card (automatic),82.12,2478.58,Yes
CUST100649,Female,1,No,No,53,Yes,Yes,No,No internet service,No internet service,No internet service,No internet service,No internet service,No internet service,One year,No,Credit card (automatic),30.85,1649.95,No
CUST100650,Male,0,No,Yes,3,Yes,Yes,Fiber optic,No,No,No,No,Yes,No,Month-to-month,No,Bank transfer (automatic),94.8,315.42,Yes
CUST100651,Female,0,No,Yes,41,Yes,Yes,Fiber optic,No,No,Yes,Yes,Yes,Yes,Two year,Yes,Credit card (automatic),108.47,4480.15,No
CUST100652,Male,0,No,No,4,Yes,Yes,No,No internet service,No internet service,No internet service,No internet service,No internet service,No internet service,Month-to-month,No,Mailed check,22.88,65.9,No
CUST100653,Female,0,No,Yes,53,Yes,Yes,DSL,Yes,No,No,No,Yes,Yes,Month-to-month,No,Credit card (automatic),109.77,5905.63,Yes
CUST100654,Female,0,No,No,70,No,No phone service,DSL,No,No,Yes,No,Yes,Yes,Two year,No,Bank transfer (automatic),83.2,5745.76,No
CUST100655,Female,1,No,Yes,50,Yes,Yes,DSL,No,Yes,Yes,No,Yes,Yes,Two year,Yes,Credit card (automatic),98.97,4939.43,No
CUST100656,Female,0,No,Yes,61,Yes,Yes,Fiber optic,Yes,Yes,No,Yes,No,No,Two year,Yes,Credit card (automatic),125.22,7684.89,No
CUST100657,Female,0,Yes,No,17,Yes,Yes,Fiber optic,Yes,Yes,Yes,Yes,Yes,No,Two year,Yes,Electronic check,124.84,2149.14,Yes
CUST100658,Male,0,Yes,No,72,Yes,No,No,No internet service,No internet service,No internet service,No internet service,No internet service,No internet service,Two year,Yes,Electronic check,18.0,1282.2,No
CUST100659,Male,1,No,Yes,40,Yes,Yes,DSL,No,No,No,No,Yes,Yes,Two year,Yes,Credit card (automatic),80.9,3182.69,No
CUST100660,Male,0,No,Yes,49,Yes,No,DSL,No,Yes,No,No,No,Yes,One year,No,Credit card (automatic),75.16,3695.79,Yes
CUST100661,Female,0,No,No,56,Yes,Yes,Fiber optic,Yes,No,No,No,No,No,One year,No,Bank transfer (automatic),102.7,5782.68,No
CUST100662,Male,0,Yes,No,47,Yes,Yes,DSL,No,No,Yes,No,No,No,Two year,Yes,Credit card (automatic),77.98,3613.26,No
CUST100663,Male,1,No,No,23,Yes,Yes,Fiber optic,Yes,No,Yes,No,No,Yes,Two year,Yes,Bank transfer (automatic),100.24,2329.13,No
CUST100664,Female,0,Yes,Yes,45,Yes,No,Fiber optic,No,No,No,Yes,No,Yes,Month-to-month,Yes,Electronic check,99.43,4383.95,Yes
CUST100665,Female,0,No,No,48,Yes,Yes,No,No internet service,No internet service,No internet service,No internet service,No internet service,No internet service,Month-to-month,No,Mailed check,28.24,1366.1,No
CUST100666,Female,0,No,Yes,62,Yes,No,Fiber optic,No,Yes,No,No,Yes,Yes,One year,No,Electronic check,102.57,6304.95,No
CUST100667,Female,1,No,Yes,35,Yes,Yes,DSL,No,No,No,No,No,Yes,Two year,Yes,Bank transfer (automatic),64.6,2264.12,No
CUST100668,Female,0,No,No,37,Yes,No,DSL,No,No,No,No,No,Yes,Two year,Yes,Credit card (automatic),87.61,3236.98,No
CUST100669,Male,0,Yes,No,37,Yes,Yes,DSL,Yes,Yes,No,No,Yes,Yes,One year,Yes,Electronic check,98.95,3730.06,No
CUST100670,Female,1,Yes,No,9,Yes,Yes,No,No internet service,No internet service,No internet service,No internet service,No internet service,No internet service,Month-to-month,Yes,Credit card (automatic),23.63,216.1,No
CUST100671,Female,0,No,No,7,Yes,No,Fiber optic,No,No,No,No,No,Yes,Month-to-month,Yes,Credit card (automatic),91.18,605.48,No
CUST100672,Female,0,No,Yes,2,No,No phone service,Fiber optic,Yes,No,No,Yes,No,Yes,One year,Yes,Electronic check,109.63,242.91,No
CUST100673,Male,0,Yes,No,48,Yes,Yes,DSL,Yes,Yes,No,No,No,No,One year,Yes,Credit card (automatic),68.18,3360.28,No
CUST100674,Female,0,Yes,No,31,Yes,Yes,No,No internet service,No internet service,No internet service,No internet service,No internet service,No internet service,Month-to-month,Yes,Bank transfer (automatic),43.14,1356.5,No
CUST100675,Female,0,Yes,No,63,Yes,No,DSL,No,Yes,No,Yes,No,Yes,One year,Yes,Bank transfer (automatic),78.08,4916.27,No
CUST100676,Female,0,Yes,No,51,Yes,Yes,Fiber optic,No,No,Yes,No,No,No,Two year,No,Mailed check,84.18,4251.08,Yes
CUST100677,Male,0,Yes,No,11,Yes,Yes,Fiber optic,Yes,Yes,Yes,No,No,Yes,Month-to-month,Yes,Electronic check,111.87,1189.19,Yes
CUST100678,Female,1,Yes,Yes,8,Yes,No,DSL,No,No,No,Yes,No,No,Month-to-month,Yes,Bank transfer (automatic),67.7,569.22,No
CUST100679,Female,0,No,Yes,27,No,No phone service,Fiber optic,Yes,Yes,Yes,No,No,No,One year,No,Mailed check,109.19,2890.1,No
CUST100680,Female,0,Yes,No,67,Yes,Yes,DSL,Yes,No,Yes,No,Yes,No,Two year,Yes,Mailed check,85.55,5731.99,No
CUST100681,Male,0,Yes,Yes,4,Yes,No,Fiber optic,No,No,No,No,No,No,Month-to-month,No,Credit card (automatic),94.59,459.95,Yes
CUST100682,Female,0,Yes,No,14,Yes,No,No,No internet service,No internet service,No internet service,No internet service,No internet service,No internet service,Month-to-month,Yes,Bank transfer (automatic),29.09,409.88,No
CUST100683,Female,0,Yes,No,3,Yes,No,Fiber optic,No,No,Yes,No,No,Yes,Month-to-month,No,Bank transfer (automatic),97.06,228.34,No
CUST100684,Male,1,No,Yes,30,Yes,Yes,Fiber optic,Yes,Yes,No,No,Yes,No,One year,Yes,Credit card (automatic),97.09,3039.57,No
CUST100685,Female,1,Yes,Yes,72,No,No phone service,Fiber optic,No,No,No,No,Yes,Yes,Two year,Yes,Electronic check,93.93,6862.29,No
CUST100686,Male,0,No,No,50,Yes,No,DSL,No,No,No,Yes,Yes,No,Two year,Yes,Mailed check,86.35,4343.47,No
CUST100687,Female,0,No,No,36,Yes,No,Fiber optic,Yes,No,No,Yes,Yes,Yes,One year,No,Bank transfer (automatic),111.03,4082.07,Yes
CUST100688,Male,0,Yes,No,11,Yes,Yes,Fiber optic,No,Yes,No,Yes,Yes,Yes,One year,No,Bank transfer (automatic),90.62,982.3,No
CUST100689,Female,0,No,No,26,Yes,No,DSL,No,Yes,No,Yes,No,No,One year,No,Electronic check,65.62,1734.64,No
CUST100690,Female,0,No,Yes,38,Yes,No,Fiber optic,No,No,Yes,No,Yes,No,Two year,Yes,Credit card (automatic),78.69,2970.22,No
CUST100691,Female,0,Yes,No,20,Yes,No,Fiber optic,Yes,No,No,No,Yes,No,Month-to-month,No,Electronic check,81.87,1570.82,No
CUST100692,Female,0,Yes,Yes,51,Yes,Yes,Fiber optic,No,No,Yes,Yes,Yes,No,One year,Yes,Bank transfer (automatic),115.63,6076.95,Yes
CUST100693,Female,0,No,No,71,Yes,Yes,DSL,No,No,No,No,No,No,Two year,Yes,Bank transfer (automatic),91.23,6400.34,No
CUST100694,Male,0,No,No,15,Yes,No,No,No internet service,No internet service,No internet service,No internet service,No internet service,No internet service,Two year,Yes,Bank transfer (automatic),18.0,273.21,No
CUST100695,Male,0,No,No,19,Yes,No,Fiber optic,No,Yes,No,No,Yes,No,One year,Yes,Mailed check,96.0,1840.47,No
CUST100696,Female,0,No,Yes,10,No,No phone service,DSL,No,No,No,No,Yes,Yes,Month-to-month,No,Electronic check,87.14,898.38,Yes
CUST100697,Female,0,Yes,Yes,53,Yes,Yes,DSL,No,No,Yes,No,No,No,Two year,Yes,Credit card (automatic),68.85,3645.35,No
CUST100698,Male,0,No,Yes,34,Yes,Yes,Fiber optic,Yes,No,Yes,Yes,Yes,Yes,Two year,Yes,Credit card (automatic),110.69,3758.2,No
CUST100699,Male,0,Yes,No,21,Yes,No,Fiber optic,Yes,No,No,Yes,No,No,Month-to-month,No,Mailed check,111.5,2350.76,Yes
CUST100700,Female,0,Yes,No,16,Yes,Yes,Fiber optic,No,No,Yes,No,No,No,Month-to-month,No,Electronic check,87.7,1428.45,No
CUST100701,Female,0,No,Yes,6,Yes,Yes,DSL,No,No,No,No,No,Yes,Month-to-month,Yes,Mailed check,73.91,443.38,Yes
CUST100702,Male,0,No,No,35,Yes,No,Fiber optic,Yes,Yes,Yes,No,No,Yes,One year,No,Mailed check,105.38,3683.98,No
CUST100703,Male,0,No,No,50,Yes,Yes,Fiber optic,Yes,Yes,No,No,No,No,Two year,Yes,Mailed check,108.9,5358.68,No
CUST100704,Male,0,Yes,Yes,17,Yes,Yes,DSL,No,No,No,No,No,Yes,Month-to-month,No,Electronic check,74.85,1362.88,Yes
CUST100705,Female,1,Yes,Yes,1,Yes,Yes,No,No internet service,No internet service,No internet service,No internet service,No internet service,No internet service,Month-to-month,Yes,Electronic check,43.51,57.49,Yes
CUST100706,Male,0,No,No,35,Yes,No,DSL,No,Yes,Yes,Yes,No,No,Month-to-month,Yes,Electronic check,59.11,2076.26,Yes
CUST100707,Female,0,No,No,49,Yes,Yes,DSL,Yes,No,Yes,No,Yes,Yes,Two year,No,Mailed check,86.28,4195.39,No
CUST100708,Male,0,No,No,25,Yes,No,Fiber optic,No,No,No,No,No,Yes,Month-to-month,Yes,Credit card (automatic),93.04,2269.97,No
CUST100709,Male,1,No,No,19,Yes,No,Fiber optic,No,No,Yes,No,Yes,Yes,Two year,No,Bank transfer (automatic),102.86,2007.41,Yes
CUST100710,Female,0,Yes,No,12,Yes,No,DSL,Yes,No,No,Yes,Yes,Yes,Month-to-month,Yes,Mailed check,78.51,934.59,Yes
CUST100711,Female,1,Yes,No,54,Yes,No,Fiber optic,Yes,Yes,No,Yes,Yes,Yes,One year,Yes,Electronic check,120.09,6529.61,No
CUST100712,Female,0,Yes,No,63,Yes,No,DSL,Yes,Yes,No,No,No,Yes,Two year,No,Credit card (automatic),79.09,4918.51,No
CUST100713,Female,0,Yes,No,56,Yes,Yes,Fiber optic,No,No,No,No,Yes,No,One year,Yes,Electronic check,88.31,5027.32,Yes
CUST100714,Female,0,Yes,No,38,Yes,No,Fiber optic,No,No,No,No,Yes,No,Two year,No,Mailed check,81.6,3144.93,No
CUST100715,Female,0,No,No,53,No,No phone service,No,No internet service,No internet service,No internet service,No internet service,No internet service,No internet service,Month-to-month,No,Bank transfer (automatic),21.37,1131.57,Yes
CUST100716,Female,0,Yes,No,29,Yes,No,Fiber optic,No,No,No,Yes,Yes,Yes,One year,Yes,Credit card (automatic),89.42,2618.27,No
CUST100717,Male,0,Yes,No,2,Yes,No,Fiber optic,No,No,No,No,No,Yes,Month-to-month,Yes,Credit card (automatic),82.95,202.78,Yes
CUST100718,Male,0,No,No,27,Yes,No,Fiber optic,No,No,No,No,No,Yes,Two year,Yes,Bank transfer (automatic),106.28,2784.3,No
CUST100719,Female,1,Yes,No,51,Yes,Yes,DSL,No,No,No,Yes,Yes,Yes,Month-to-month,Yes,Electronic check,88.89,4622.88,Yes
CUST100720,Male,0,Yes,No,47,Yes,No,DSL,No,Yes,No,No,Yes,No,One year,Yes,Mailed check,60.48,2860.1,No
CUST100721,Female,0,No,No,72,Yes,Yes,No,No internet service,No internet service,No internet service,No internet service,No internet service,No internet service,Two year,Yes,Bank transfer (automatic),20.79,1488.1,No
CUST100722,Female,0,Yes,No,72,Yes,No,DSL,No,Yes,No,No,No,No,Two year,No,Bank transfer (automatic),69.11,4930.45,No
CUST100723,Male,0,No,No,18,Yes,Yes,Fiber optic,Yes,No,Yes,No,Yes,No,Two year,Yes,Mailed check,106.04,1971.52,No
CUST100724,Female,0,No,No,1,Yes,No,DSL,Yes,Yes,Yes,No,Yes,No,One year,No,Electronic check,91.86,103.5,Yes
CUST100725,Male,1,Yes,No,20,No,No phone service,Fiber optic,No,No,Yes,No,Yes,Yes,Month-to-month,Yes,Credit card (automatic),99.5,2018.81,No
CUST100726,Female,0,No,No,64,Yes,No,DSL,Yes,Yes,No,Yes,No,No,One year,Yes,Electronic check,82.77,5298.6,Yes
CUST100727,Male,0,No,Yes,59,Yes,No,No,No internet service,No internet service,No internet service,No internet service,No internet service,No internet service,Two year,Yes,Mailed check,18.0,1051.17,No
CUST100728,Male,0,No,No,8,No,No phone service,Fiber optic,Yes,No,Yes,Yes,Yes,Yes,One year,Yes,Credit card (automatic),102.21,848.87,Yes
CUST100729,Female,0,No,No,12,Yes,Yes,DSL,Yes,No,No,No,Yes,No,One year,Yes,Credit card (automatic),74.21,881.72,No
CUST100730,Female,0,No,No,41,Yes,No,Fiber optic,No,Yes,No,Yes,Yes,No,Two year,Yes,Bank transfer (automatic),109.6,4492.17,No
CUST100731,Male,0,No,No,48,Yes,Yes,Fiber optic,No,No,Yes,Yes,No,Yes,Two year,No,Credit card (automatic),116.31,5748.76,No
CUST100732,Female,0,No,No,71,Yes,Yes,DSL,Yes,Yes,No,No,Yes,No,Month-to-month,No,Electronic check,83.16,5947.72,No
CUST100733,Female,1,Yes,No,55,Yes,No,DSL,Yes,No,Yes,No,Yes,No,Month-to-month,Yes,Credit card (automatic),71.89,3993.93,No
CUST100734,Male,1,No,Yes,16,Yes,No,Fiber optic,No,No,Yes,Yes,Yes,Yes,Two year,No,Mailed check,113.74,2005.5,No
CUST100735,Female,1,No,No,3,Yes,No,Fiber optic,Yes,No,No,No,Yes,Yes,Month-to-month,No,Credit card (automatic),128.7,415.8,Yes
CUST100736,Female,0,No,Yes,46,Yes,Yes,DSL,No,Yes,No,No,Yes,Yes,Month-to-month,Yes,Electronic check,95.28,4389.72,Yes
CUST100737,Male,0,Yes,No,40,Yes,No,No,No internet service,No internet service,No internet service,No internet service,No internet service,No internet service,One year,No,Bank transfer (automatic),18.88,747.51,No
CUST100738,Female,1,Yes,No,67,Yes,No,DSL,No,No,No,No,No,Yes,Two year,Yes,Bank transfer (automatic),75.53,5040.0,No
CUST100739,Female,0,Yes,No,42,Yes,Yes,DSL,No,No,Yes,Yes,No,No,Two year,No,Electronic check,71.9,2931.49,No
CUST100740,Female,0,Yes,Yes,37,No,No phone service,Fiber optic,No,No,No,No,Yes,Yes,Two year,Yes,Bank transfer (automatic),101.95,3820.5,No
CUST100741,Female,0,Yes,Yes,22,Yes,No,DSL,No,No,No,No,No,Yes,Month-to-month,No,Bank transfer (automatic),67.58,1435.39,Yes
CUST100742,Female,0,Yes,No,7,Yes,No,DSL,No,Yes,No,No,No,Yes,Month-to-month,No,Electronic check,56.13,423.31,Yes
CUST100743,Male,0,Yes,No,64,Yes,No,Fiber optic,No,Yes,No,Yes,No,No,Month-to-month,No,Credit card (automatic),96.01,6142.16,Yes
CUST100744,Female,1,No,Yes,60,Yes,No,DSL,Yes,Yes,Yes,No,No,Yes,Two year,No,Mailed check,86.73,5210.46,No
CUST100745,Male,0,Yes,No,12,Yes,No,DSL,No,Yes,No,No,No,Yes,Month-to-month,Yes,Bank transfer (automatic),63.06,755.12,No
CUST100746,Female,0,No,Yes,51,No,No phone service,Fiber optic,No,No,No,No,Yes,Yes,Two year,No,Bank transfer (automatic),85.12,4411.91,No
CUST100747,Male,0,Yes,No,27,Yes,Yes,Fiber optic,No,No,Yes,Yes,Yes,No,One year,Yes,Bank transfer (automatic),101.55,2815.54,No
CUST100748,Male,0,Yes,No,32,Yes,Yes,Fiber optic,No,Yes,Yes,No,No,Yes,Two year,Yes,Bank transfer (automatic),91.93,2940.17,No
CUST100749,Male,0,Yes,Yes,62,Yes,No,Fiber optic,No,No,No,No,No,No,One year,Yes,Credit card (automatic),85.09,5229.68,No
CUST100750,Female,0,No,Yes,61,Yes,No,Fiber optic,Yes,Yes,Yes,No,Yes,No,Two year,No,Bank transfer (automatic),92.4,5687.62,No
CUST100751,Male,0,Yes,No,14,Yes,No,DSL,Yes,No,Yes,No,No,Yes,One year,No,Bank transfer (automatic),66.96,898.29,No
CUST100752,Male,0,No,No,23,Yes,No,Fiber optic,No,Yes,No,Yes,No,No,Month-to-month,Yes,Bank transfer (automatic),79.46,1753.45,No
CUST100753,Female,0,No,No,60,Yes,No,DSL,No,Yes,No,Yes,No,No,One year,No,Bank transfer (automatic),70.24,4235.4,No
CUST100754,Female,1,Yes,No,67,Yes,Yes,DSL,Yes,Yes,No,No,No,Yes,One year,No,Electronic check,105.44,7141.57,Yes
CUST100755,Male,0,No,No,6,Yes,No,Fiber optic,No,No,No,No,No,No,Month-to-month,Yes,Electronic check,97.04,558.65,Yes
CUST100756,Female,0,Yes,Yes,61,Yes,No,Fiber optic,Yes,Yes,Yes,No,No,Yes,Two year,Yes,Bank transfer (automatic),119.48,7317.28,No
CUST100757,Male,0,Yes,Yes,36,Yes,No,Fiber optic,No,Yes,No,No,No,No,One year,No,Credit card (automatic),92.09,3292.27,No
CUST100758,Male,0,Yes,No,43,Yes,Yes,DSL,Yes,No,No,Yes,No,Yes,Two year,No,Electronic check,85.82,3727.44,No
CUST100759,Female,0,Yes,Yes,6,Yes,Yes,DSL,No,Yes,No,Yes,Yes,Yes,Month-to-month,Yes,Mailed check,105.66,703.38,Yes
CUST100760,Male,0,No,No,49,No,No phone service,Fiber optic,No,Yes,No,No,No,Yes,Two year,Yes,Mailed check,89.6,4376.27,No
CUST100761,Female,0,No,No,49,Yes,Yes,Fiber optic,No,No,Yes,No,No,Yes,Month-to-month,Yes,Mailed check,96.49,4668.52,No
CUST100762,Female,0,No,Yes,48,Yes,No,Fiber optic,No,Yes,No,No,No,No,One year,Yes,Credit card (automatic),91.53,4313.42,Yes
CUST100763,Female,0,Yes,Yes,57,Yes,No,DSL,No,Yes,Yes,Yes,Yes,No,One year,Yes,Credit card (automatic),91.94,5291.64,No
CUST100764,Male,0,No,Yes,69,No,No phone service,DSL,Yes,Yes,Yes,Yes,Yes,Yes,Two year,Yes,Credit card (automatic),99.18,6775.79,No
CUST100765,Female,0,Yes,No,62,Yes,Yes,Fiber optic,Yes,No,No,No,No,No,Month-to-month,Yes,Bank transfer (automatic),108.19,6731.93,No
CUST100766,Female,0,Yes,No,54,Yes,No,Fiber optic,No,No,No,No,Yes,Yes,Two year,No,Electronic check,98.04,5339.89,Yes
CUST100767,Male,0,Yes,No,71,Yes,No,DSL,Yes,No,Yes,No,No,No,One year,Yes,Bank transfer (automatic),74.92,5296.79,No
CUST100768,Male,0,No,No,49,Yes,Yes,DSL,Yes,No,Yes,No,No,No,Two year,Yes,Mailed check,76.54,3742.83,No
CUST100769,Male,0,No,No,49,Yes,No,DSL,No,No,No,Yes,Yes,Yes,Two year,Yes,Credit card (automatic),88.7,4399.47,No
CUST100770,Female,0,Yes,No,40,Yes,No,DSL,No,No,No,No,No,Yes,One year,No,Credit card (automatic),47.44,1874.6,Yes
CUST100771,Female,1,No,No,56,Yes,Yes,Fiber optic,Yes,No,No,No,Yes,No,Two year,Yes,Electronic check,120.66,6691.1,No
CUST100772,Male,0,No,No,6,Yes,No,DSL,No,No,Yes,No,No,No,Month-to-month,Yes,Electronic check,66.24,388.12,Yes
CUST100773,Female,0,No,No,37,Yes,No,Fiber optic,No,No,No,No,Yes,Yes,Two year,Yes,Bank transfer (automatic),101.71,3841.26,No
CUST100774,Female,1,No,No,31,Yes,Yes,Fiber optic,Yes,No,Yes,Yes,No,No,One year,No,Credit card (automatic),98.2,3139.1,No
CUST100775,Female,0,No,No,66,Yes,Yes,No,No internet service,No internet service,No internet service,No internet service,No internet service,No internet service,Two year,Yes,Electronic check,32.89,2168.79,No
CUST100776,Male,0,No,No,6,No,No phone service,No,No internet service,No internet service,No internet service,No internet service,No internet service,No internet service,Month-to-month,Yes,Mailed check,22.22,123.83,Yes
CUST100777,Male,1,No,Yes,47,Yes,No,DSL,Yes,Yes,No,No,Yes,Yes,One year,No,Bank transfer (automatic),98.89,4710.97,No
CUST100778,Male,0,Yes,No,14,Yes,Yes,DSL,Yes,No,Yes,No,Yes,Yes,One year,No,Bank transfer (automatic),83.27,1082.38,Yes
CUST100779,Female,0,No,No,64,Yes,No,DSL,Yes,No,Yes,Yes,Yes,No,One year,Yes,Bank transfer (automatic),87.5,5613.0,No
CUST100780,Female,0,Yes,Yes,62,Yes,No,Fiber optic,No,No,No,No,No,Yes,Month-to-month,Yes,Electronic check,94.92,5882.54,Yes
CUST100781,Female,0,No,No,17,Yes,No,DSL,No,No,Yes,No,Yes,No,Month-to-month,No,Bank transfer (automatic),66.65,1184.79,Yes
CUST100782,Male,0,Yes,No,63,Yes,No,Fiber optic,No,No,Yes,No,No,Yes,Two year,No,Electronic check,99.45,6348.59,No
CUST100783,Male,1,Yes,Yes,36,Yes,No,DSL,No,No,No,No,Yes,Yes,Month-to-month,No,Credit card (automatic),68.31,2420.53,Yes
CUST100784,Male,1,Yes,No,70,Yes,No,DSL,Yes,Yes,No,No,Yes,No,One year,No,Mailed check,67.73,4747.91,No
CUST100785,Female,0,Yes,No,53,No,No phone service,Fiber optic,No,Yes,No,No,Yes,No,Two year,No,Bank transfer (automatic),119.1,6271.52,No
CUST100786,Male,0,Yes,No,3,Yes,No,Fiber optic,No,Yes,No,No,Yes,No,Two year,No,Bank transfer (automatic),87.45,246.96,Yes
CUST100787,Female,0,Yes,Yes,15,Yes,Yes,Fiber optic,No,No,No,No,Yes,Yes,Month-to-month,Yes,Bank transfer (automatic),110.62,1700.28,No
CUST100788,Female,1,Yes,No,30,Yes,Yes,No,No internet service,No internet service,No internet service,No internet service,No internet service,No internet service,One year,No,Mailed check,22.09,658.26,No
CUST100789,Male,0,Yes,No,16,Yes,Yes,DSL,No,Yes,Yes,No,Yes,Yes,Month-to-month,No,Mailed check,92.52,1491.09,Yes
CUST100790,Male,1,No,Yes,10,Yes,Yes,DSL,No,Yes,No,No,Yes,Yes,Two year,Yes,Electronic check,71.87,759.98,No
CUST100791,Male,0,No,No,71,Yes,No,Fiber optic,No,Yes,No,No,No,Yes,One year,Yes,Bank transfer (automatic),99.89,7183.0,Yes
CUST100792,Female,0,No,Yes,63,Yes,Yes,Fiber optic,No,Yes,No,No,Yes,Yes,One year,Yes,Credit card (automatic),115.81,7316.09,No
CUST100793,Female,0,Yes,Yes,32,Yes,Yes,Fiber optic,Yes,No,Yes,No,No,Yes,Month-to-month,No,Mailed check,93.36,2994.12,No
CUST100794,Male,0,Yes,No,16,Yes,Yes,DSL,No,Yes,No,No,Yes,No,One year,No,Bank transfer (automatic),53.35,818.16,No
CUST100795,Male,0,No,No,14,Yes,No,No,No internet service,No internet service,No internet service,No internet service,No internet service,No internet service,Month-to-month,Yes,Bank transfer (automatic),18.0,269.13,No
CUST100796,Female,0,Yes,No,66,No,No phone service,DSL,No,Yes,No,Yes,No,No,Two year,Yes,Bank transfer (automatic),65.7,4355.74,No
CUST100797,Male,1,Yes,No,24,Yes,No,Fiber optic,No,No,Yes,No,Yes,No,Month-to-month,Yes,Credit card (automatic),83.34,2006.97,No
CUST100798,Male,0,No,No,1,Yes,No,Fiber optic,Yes,Yes,Yes,Yes,Yes,Yes,Month-to-month,Yes,Electronic check,139.04,146.14,Yes
CUST100799,Male,0,No,Yes,29,Yes,No,No,No internet service,No internet service,No internet service,No internet service,No internet service,No internet service,Two year,Yes,Credit card (automatic),22.18,648.02,No
CUST100800,Male,0,Yes,Yes,33,Yes,No,Fiber optic,No,No,Yes,No,Yes,No,Month-to-month,No,Credit card (automatic),106.51,3564.15,No
CUST100801,Male,0,No,Yes,45,Yes,No,No,No internet service,No internet service,No internet service,No internet service,No internet service,No internet service,Month-to-month,Yes,Mailed check,18.0,819.67,No
CUST100802,Female,1,Yes,No,25,Yes,Yes,DSL,No,No,Yes,Yes,No,No,One year,Yes,Bank transfer (automatic),92.75,2408.39,Yes
CUST100803,Female,0,No,Yes,67,No,No phone service,Fiber optic,No,Yes,No,No,Yes,Yes,Two year,Yes,Credit card (automatic),100.96,6779.02,No
CUST100804,Female,0,Yes,Yes,47,Yes,No,Fiber optic,No,Yes,Yes,Yes,No,No,Month-to-month,Yes,Bank transfer (automatic),96.76,4649.56,Yes
CUST100805,Female,0,Yes,Yes,72,Yes,Yes,Fiber optic,No,No,No,No,No,No,Two year,No,Mailed check,84.69,6151.43,No
CUST100806,Female,1,No,No,27,Yes,No,Fiber optic,Yes,No,No,No,No,No,One year,No,Mailed check,110.64,2983.29,No
CUST100807,Male,0,Yes,No,47,Yes,No,No,No internet service,No internet service,No internet service,No internet service,No internet service,No internet service,One year,No,Electronic check,22.23,1022.57,Yes
CUST100808,Male,1,No,No,27,Yes,Yes,DSL,No,No,No,No,Yes,No,One year,Yes,Credit card (automatic),75.81,2050.76,No
CUST100809,Female,0,Yes,No,51,Yes,No,Fiber optic,Yes,Yes,Yes,No,Yes,Yes,Month-to-month,Yes,Bank transfer (automatic),99.4,5162.35,No
CUST100810,Male,0,No,No,54,Yes,Yes,No,No internet service,No internet service,No internet service,No internet service,No internet service,No internet service,Month-to-month,No,Electronic check,27.14,1452.94,No
CUST100811,Female,1,No,Yes,24,Yes,Yes,No,No internet service,No internet service,No internet service,No internet service,No internet service,No internet service,One year,Yes,Bank transfer (automatic),24.71,594.26,No
CUST100812,Female,1,Yes,No,68,Yes,Yes,No,No internet service,No internet service,No internet service,No internet service,No internet service,No internet service,One year,Yes,Credit card (automatic),24.14,1643.91,No
CUST100813,Male,1,No,Yes,62,Yes,Yes,No,No internet service,No internet service,No internet service,No internet service,No internet service,No internet service,One year,Yes,Credit card (automatic),30.7,1920.75,No
CUST100814,Female,0,Yes,No,65,Yes,Yes,DSL,Yes,No,No,No,Yes,Yes,Two year,No,Electronic check,84.79,5491.62,No
CUST100815,Female,0,Yes,No,16,Yes,No,No,No internet service,No internet service,No internet service,No internet service,No internet service,No internet service,Month-to-month,Yes,Electronic check,18.0,278.61,No
CUST100816,Male,0,Yes,No,52,Yes,No,Fiber optic,No,Yes,No,No,No,Yes,One year,Yes,Bank transfer (automatic),98.48,5154.64,No
CUST100817,Male,0,No,Yes,8,Yes,No,Fiber optic,Yes,No,No,No,No,Yes,Month-to-month,Yes,Bank transfer (automatic),102.52,774.43,No
CUST100818,Female,1,No,No,8,Yes,No,Fiber optic,Yes,No,Yes,No,No,No,Month-to-month,Yes,Electronic check,78.39,540.79,No
CUST100819,Female,1,No,No,71,Yes,Yes,Fiber optic,No,Yes,No,No,No,No,Two year,Yes,Mailed check,93.26,6724.44,No
CUST100820,Male,0,No,No,12,Yes,Yes,Fiber optic,No,Yes,No,No,Yes,No,Two year,No,Credit card (automatic),106.58,1338.24,No
CUST100821,Female,0,No,No,63,Yes,No,Fiber optic,No,Yes,Yes,No,No,Yes,One year,No,Bank transfer (automatic),92.93,5959.6,No
CUST100822,Male,0,Yes,No,32,Yes,No,DSL,Yes,Yes,Yes,No,Yes,Yes,Two year,Yes,Electronic check,91.5,2975.98,Yes
CUST100823,Female,0,No,Yes,22,Yes,No,DSL,Yes,No,No,No,No,No,Month-to-month,Yes,Electronic check,64.39,1442.87,Yes
CUST100824,Female,0,No,No,6,Yes,Yes,Fiber optic,No,No,No,Yes,No,No,Two year,Yes,Electronic check,86.61,538.86,Yes
CUST100825,Male,0,Yes,No,49,Yes,No,DSL,No,Yes,No,No,Yes,Yes,Two year,Yes,Bank transfer (automatic),89.16,4358.89,No
CUST100826,Female,0,No,Yes,52,Yes,No,Fiber optic,Yes,No,No,No,No,Yes,Month-to-month,No,Electronic check,95.42,4991.16,No
CUST100827,Female,0,Yes,No,34,Yes,Yes,DSL,No,Yes,Yes,No,Yes,Yes,One year,No,Electronic check,93.29,3140.89,No
CUST100828,Female,0,Yes,No,59,Yes,Yes,Fiber optic,No,No,Yes,No,No,No,Two year,Yes,Electronic check,120.89,7054.95,No
CUST100829,Male,0,Yes,No,24,Yes,Yes,DSL,No,Yes,Yes,Yes,No,No,Month-to-month,No,Credit card (automatic),82.6,1965.93,No
CUST100830,Male,1,Yes,No,40,Yes,No,DSL,No,No,Yes,Yes,Yes,Yes,One year,Yes,Credit card (automatic),91.47,3729.68,No
CUST100831,Male,0,Yes,No,21,Yes,No,Fiber optic,No,No,Yes,No,Yes,No,One year,Yes,Electronic check,115.56,2341.31,Yes
CUST100832,Male,0,No,No,42,Yes,No,DSL,Yes,No,Yes,Yes,No,Yes,Month-to-month,No,Bank transfer (automatic),76.61,3161.7,No
CUST100833,Male,0,No,No,10,Yes,Yes,DSL,No,Yes,No,Yes,No,No,Month-to-month,Yes,Electronic check,90.05,932.45,No
CUST100834,Female,0,No,Yes,35,Yes,No,DSL,No,Yes,No,Yes,No,Yes,Month-to-month,Yes,Credit card (automatic),62.88,2185.14,Yes
CUST100835,Female,1,Yes,No,40,Yes,No,DSL,No,No,Yes,Yes,Yes,No,Two year,No,Credit card (automatic),71.73,2890.09,No
CUST100836,Female,0,Yes,No,41,Yes,No,Fiber optic,No,No,No,No,Yes,Yes,One year,Yes,Bank transfer (automatic),104.35,4340.32,No
CUST100837,Male,0,Yes,Yes,33,Yes,No,DSL,Yes,No,Yes,Yes,Yes,No,One year,Yes,Bank transfer (automatic),67.26,2238.21,No
CUST100838,Male,1,No,No,47,Yes,Yes,Fiber optic,No,Yes,Yes,No,Yes,No,Month-to-month,Yes,Electronic check,117.95,5498.91,No
CUST100839,Female,1,Yes,Yes,37,Yes,Yes,Fiber optic,No,No,No,No,Yes,No,Month-to-month,Yes,Electronic check,82.66,3122.05,No
CUST100840,Male,0,No,No,21,Yes,No,Fiber optic,No,No,No,Yes,Yes,Yes,One year,Yes,Bank transfer (automatic),96.2,2063.04,Yes
CUST100841,Female,0,No,No,16,Yes,No,Fiber optic,Yes,No,No,No,Yes,Yes,Month-to-month,Yes,Electronic check,120.43,1928.82,No
CUST100842,Female,0,No,No,47,Yes,No,DSL,No,No,No,No,No,No,Two year,Yes,Credit card (automatic),45.13,2120.53,No
CUST100843,Male,0,No,No,68,Yes,No,No,No internet service,No internet service,No internet service,No internet service,No internet service,No internet service,One year,Yes,Bank transfer (automatic),25.88,1765.65,No
CUST100844,Male,0,Yes,No,55,Yes,Yes,Fiber optic,No,No,No,No,Yes,No,Two year,No,Electronic check,104.19,5710.95,Yes
CUST100845,Male,0,No,No,46,Yes,Yes,DSL,No,No,No,No,Yes,Yes,One year,No,Bank transfer (automatic),73.78,3321.67,No
CUST100846,Male,1,No,No,67,Yes,No,No,No internet service,No internet service,No internet service,No internet service,No internet service,No internet service,Two year,No,Credit card (automatic),24.85,1676.13,No
CUST100847,Male,0,No,No,65,Yes,Yes,Fiber optic,No,No,No,No,No,No,Month-to-month,No,Mailed check,78.83,5156.62,No
CUST100848,Female,0,No,Yes,37,Yes,No,Fiber optic,Yes,Yes,No,Yes,No,No,Two year,No,Bank transfer (automatic),114.43,4075.92,No
CUST100849,Female,0,No,Yes,8,Yes,Yes,No,No internet service,No internet service,No internet service,No internet service,No internet service,No internet service,Month-to-month,Yes,Credit card (automatic),32.69,271.54,Yes
CUST100850,Female,0,No,No,46,Yes,Yes,DSL,No,Yes,No,No,No,No,Month-to-month,Yes,Electronic check,84.23,3963.35,No
CUST100851,Female,0,Yes,Yes,45,Yes,No,Fiber optic,No,No,No,No,Yes,Yes,One year,Yes,Bank transfer (automatic),103.99,4609.19,Yes
CUST100852,Female,1,No,No,20,Yes,Yes,Fiber optic,No,Yes,No,No,Yes,Yes,Month-to-month,Yes,Electronic check,128.74,2569.14,No
CUST100853,Male,1,No,No,62,Yes,No,Fiber optic,No,Yes,No,No,Yes,No,One year,No,Mailed check,101.55,6285.01,No
CUST100854,Male,0,Yes,No,63,Yes,No,DSL,No,Yes,Yes,No,No,Yes,Two year,Yes,Credit card (automatic),46.63,2984.15,No
CUST100855,Female,0,No,Yes,24,Yes,No,DSL,No,Yes,No,Yes,No,Yes,One year,No,Bank transfer (automatic),67.24,1658.98,No
CUST100856,Male,0,Yes,No,35,No,No phone service,No,No internet service,No internet service,No internet service,No internet service,No internet service,No internet service,One year,Yes,Mailed check,22.37,771.16,Yes
CUST100857,Male,0,No,No,15,Yes,No,DSL,No,Yes,No,Yes,No,No,Two year,Yes,Electronic check,85.78,1304.31,Yes
CUST100858,Female,1,Yes,No,13,Yes,No,DSL,Yes,No,Yes,No,No,Yes,Month-to-month,Yes,Credit card (automatic),85.61,1231.21,No
CUST100859,Female,0,Yes,Yes,20,Yes,No,Fiber optic,No,Yes,No,No,No,Yes,Month-to-month,Yes,Credit card (automatic),114.78,2252.58,Yes
CUST100860,Female,0,No,No,27,Yes,Yes,Fiber optic,No,Yes,No,No,Yes,Yes,Two year,Yes,Electronic check,96.95,2617.0,No
CUST100861,Female,0,Yes,Yes,20,Yes,Yes,DSL,No,Yes,No,No,Yes,Yes,Month-to-month,No,Mailed check,96.64,1962.58,Yes
CUST100862,Male,0,Yes,No,11,Yes,No,Fiber optic,Yes,Yes,No,No,Yes,Yes,Month-to-month,Yes,Electronic check,125.16,1330.95,Yes
CUST100863,Female,0,Yes,No,33,Yes,No,Fiber optic,No,Yes,No,No,Yes,No,Month-to-month,No,Bank transfer (automatic),99.04,3373.1,Yes
CUST100864,Female,0,Yes,No,45,Yes,No,Fiber optic,No,No,No,No,No,No,One year,No,Bank transfer (automatic),95.93,4289.64,Yes
CUST100865,Female,0,No,No,24,Yes,No,DSL,No,No,No,No,No,Yes,Month-to-month,Yes,Electronic check,53.94,1249.61,No
CUST100866,Female,0,No,No,39,Yes,No,DSL,Yes,Yes,Yes,No,Yes,No,One year,No,Bank transfer (automatic),79.56,3077.78,No
CUST100867,Female,0,Yes,Yes,20,Yes,Yes,Fiber optic,No,Yes,Yes,No,No,Yes,One year,Yes,Credit card (automatic),99.34,2025.72,No
CUST100868,Male,0,No,No,51,Yes,No,DSL,Yes,Yes,Yes,Yes,No,Yes,Two year,Yes,Bank transfer (automatic),86.1,4349.87,No
CUST100869,Male,0,Yes,No,47,Yes,Yes,Fiber optic,Yes,No,No,No,No,No,Two year,Yes,Electronic check,86.82,4096.28,No
CUST100870,Male,1,No,No,70,Yes,Yes,DSL,Yes,Yes,No,No,No,Yes,Month-to-month,Yes,Credit card (automatic),87.18,6132.03,No
CUST100871,Male,0,Yes,Yes,4,Yes,No,Fiber optic,No,Yes,No,No,Yes,Yes,Month-to-month,Yes,Electronic check,119.92,392.69,Yes
CUST100872,Male,0,Yes,Yes,62,Yes,No,No,No internet service,No internet service,No internet service,No internet service,No internet service,No internet service,One year,Yes,Bank transfer (automatic),24.63,1518.73,Yes
CUST100873,Male,0,Yes,Yes,25,Yes,Yes,Fiber optic,No,No,Yes,No,Yes,Yes,Month-to-month,No,Mailed check,117.29,2956.81,Yes
CUST100874,Female,0,No,No,5,Yes,No,No,No internet service,No internet service,No internet service,No internet service,No internet service,No internet service,Month-to-month,Yes,Electronic check,29.34,159.07,Yes
CUST100875,Female,0,Yes,No,50,No,No phone service,No,No internet service,No internet service,No internet service,No internet service,No internet service,No internet service,Two year,No,Electronic check,35.18,1747.63,Yes
CUST100876,Female,0,Yes,Yes,13,Yes,No,Fiber optic,No,No,Yes,No,Yes,No,One year,Yes,Electronic check,88.62,1160.13,Yes
CUST100877,Female,1,No,No,13,Yes,No,Fiber optic,No,Yes,Yes,No,Yes,No,Month-to-month,Yes,Electronic check,87.93,1128.11,Yes
CUST100878,Female,0,No,Yes,71,Yes,No,No,No internet service,No internet service,No internet service,No internet service,No internet service,No internet service,Two year,Yes,Bank transfer (automatic),21.75,1553.75,No
CUST100879,Female,0,Yes,No,16,Yes,No,No,No internet service,No internet service,No internet service,No internet service,No internet service,No internet service,One year,Yes,Credit card (automatic),18.0,293.61,No
CUST100880,Male,0,No,No,40,Yes,No,No,No internet service,No internet service,No internet service,No internet service,No internet service,No internet service,Two year,Yes,Electronic check,21.69,862.74,No
CUST100881,Female,0,No,No,15,Yes,Yes,Fiber optic,No,No,No,No,Yes,Yes,Month-to-month,No,Bank transfer (automatic),131.93,2016.82,Yes
CUST100882,Male,0,Yes,No,9,Yes,Yes,DSL,No,No,Yes,No,Yes,No,One year,Yes,Bank transfer (automatic),98.85,865.18,No
CUST100883,Male,0,No,No,1,Yes,Yes,No,No internet service,No internet service,No internet service,No internet service,No internet service,No internet service,One year,Yes,Electronic check,30.0,38.23,Yes
CUST100884,Female,0,Yes,No,2,Yes,Yes,No,No internet service,No internet service,No internet service,No internet service,No internet service,No internet service,Month-to-month,No,Mailed check,20.62,47.07,Yes
CUST100885,Female,0,No,Yes,35,Yes,No,Fiber optic,Yes,No,Yes,No,Yes,Yes,Two year,No,Mailed check,127.37,4639.15,No
CUST100886,Male,1,Yes,No,32,Yes,Yes,No,No internet service,No internet service,No internet service,No internet service,No internet service,No internet service,Two year,No,Bank transfer (automatic),21.73,690.98,No
CUST100887,Male,0,No,No,3,Yes,No,Fiber optic,No,Yes,No,No,No,No,Month-to-month,Yes,Electronic check,80.68,235.2,Yes
CUST100888,Male,1,Yes,No,26,Yes,Yes,No,No internet service,No internet service,No internet service,No internet service,No internet service,No internet service,One year,No,Credit card (automatic),19.48,498.92,No
CUST100889,Male,0,Yes,Yes,20,Yes,Yes,DSL,No,No,No,No,Yes,No,Month-to-month,Yes,Credit card (automatic),66.91,1296.74,No
CUST100890,Male,0,No,Yes,42,Yes,No,No,No internet service,No internet service,No internet service,No internet service,No internet service,No internet service,Two year,No,Mailed check,31.27,1304.78,No
CUST100891,Female,0,Yes,No,72,Yes,No,DSL,Yes,No,Yes,Yes,No,No,Month-to-month,Yes,Credit card (automatic),73.52,5322.78,No
CUST100892,Female,0,No,No,50,Yes,No,DSL,Yes,No,No,No,No,Yes,One year,Yes,Mailed check,58.42,2946.85,No
CUST100893,Female,0,No,No,67,Yes,No,DSL,Yes,No,Yes,No,No,No,Month-to-month,No,Electronic check,76.79,5158.55,No
CUST100894,Female,0,No,No,14,Yes,Yes,Fiber optic,Yes,No,No,Yes,Yes,Yes,One year,No,Mailed check,101.28,1399.95,No
CUST100895,Female,0,Yes,No,16,Yes,No,DSL,No,No,No,Yes,No,Yes,One year,Yes,Credit card (automatic),74.26,1166.18,No
CUST100896,Female,1,No,No,55,Yes,No,No,No internet service,No internet service,No internet service,No internet service,No internet service,No internet service,One year,Yes,Credit card (automatic),26.52,1444.01,No
CUST100897,Male,0,Yes,No,23,No,No phone service,Fiber optic,Yes,Yes,No,No,No,No,One year,No,Credit card (automatic),82.67,1873.79,Yes
CUST100898,Male,0,Yes,Yes,62,Yes,Yes,No,No internet service,No internet service,No internet service,No internet service,No internet service,No internet service,One year,Yes,Credit card (automatic),23.61,1445.47,Yes
CUST100899,Female,0,No,Yes,34,Yes,No,DSL,Yes,No,Yes,No,No,Yes,One year,Yes,Bank transfer (automatic),89.67,3121.84,No
CUST100900,Male,0,No,Yes,15,Yes,No,DSL,Yes,Yes,Yes,No,Yes,No,One year,Yes,Credit card (automatic),97.64,1572.23,Yes
CUST100901,Male,1,No,No,61,Yes,No,Fiber optic,No,No,No,No,Yes,Yes,Month-to-month,Yes,Credit card (automatic),92.85,5556.0,Yes
CUST100902,Male,0,Yes,No,40,Yes,No,Fiber optic,No,No,No,Yes,No,No,Two year,Yes,Credit card (automatic),69.43,2789.25,No
CUST100903,Female,0,No,No,58,Yes,No,Fiber optic,No,Yes,Yes,No,No,Yes,Two year,No,Bank transfer (automatic),95.82,5573.24,No
CUST100904,Male,0,No,No,33,Yes,Yes,Fiber optic,Yes,No,No,No,No,Yes,Two year,Yes,Credit card (automatic),112.22,3717.32,Yes
CUST100905,Female,0,Yes,No,10,Yes,No,Fiber optic,Yes,No,No,Yes,No,Yes,Month-to-month,No,Electronic check,118.74,1145.17,Yes
CUST100906,Male,0,No,No,50,No,No phone service,Fiber optic,Yes,No,Yes,Yes,No,Yes,One year,No,Credit card (automatic),109.1,5521.93,No
CUST100907,Male,0,Yes,No,9,Yes,Yes,No,No internet service,No internet service,No internet service,No internet service,No internet service,No internet service,Month-to-month,Yes,Credit card (automatic),40.55,374.94,Yes
CUST100908,Male,0,Yes,No,48,Yes,Yes,Fiber optic,No,No,Yes,No,Yes,Yes,Two year,No,Credit card (automatic),135.22,6574.46,No
CUST100909,Male,0,No,No,31,Yes,Yes,Fiber optic,No,Yes,No,No,No,Yes,Two year,Yes,Mailed check,96.78,2957.35,No
CUST100910,Female,0,No,No,57,Yes,No,Fiber optic,Yes,No,No,No,No,Yes,Two year,No,Electronic check,115.62,6494.39,No
CUST100911,Male,0,Yes,No,63,Yes,No,DSL,Yes,No,No,Yes,No,No,Two year,Yes,Credit card (automatic),61.38,3882.96,No
CUST100912,Male,0,Yes,No,30,No,No phone service,DSL,No,Yes,No,No,No,Yes,Month-to-month,Yes,Credit card (automatic),51.06,1502.3,No
CUST100913,Female,0,Yes,No,64,Yes,No,Fiber optic,No,No,No,No,Yes,No,One year,Yes,Credit card (automatic),106.44,6879.51,No
CUST100914,Female,1,No,No,8,Yes,No,Fiber optic,Yes,Yes,No,Yes,No,No,One year,No,Credit card (automatic),83.36,560.51,Yes
CUST100915,Male,0,Yes,No,8,Yes,No,DSL,No,Yes,No,No,No,Yes,Month-to-month,Yes,Mailed check,77.48,598.06,Yes
CUST100916,Female,0,Yes,No,72,Yes,No,Fiber optic,Yes,No,Yes,No,Yes,Yes,Two year,No,Credit card (automatic),97.21,6963.2,No
CUST100917,Female,1,No,No,42,No,No phone service,DSL,No,No,No,No,No,No,Two year,Yes,Electronic check,60.68,2536.46,No
CUST100918,Male,0,Yes,No,33,Yes,Yes,DSL,Yes,Yes,Yes,No,Yes,No,Two year,No,Mailed check,86.0,2851.47,No
CUST100919,Female,0,No,No,12,Yes,No,No,No internet service,No internet service,No internet service,No internet service,No internet service,No internet service,One year,Yes,Bank transfer (automatic),18.86,230.8,No
CUST100920,Female,0,Yes,Yes,21,Yes,Yes,Fiber optic,No,No,No,No,Yes,Yes,Month-to-month,Yes,Electronic check,101.2,2164.04,No
CUST100921,Female,0,No,No,50,Yes,Yes,DSL,No,Yes,No,No,Yes,Yes,One year,Yes,Bank transfer (automatic),91.65,4624.02,Yes
CUST100922,Male,1,Yes,No,60,Yes,Yes,Fiber optic,No,No,Yes,Yes,Yes,No,Month-to-month,Yes,Bank transfer (automatic),126.52,7578.18,No
CUST100923,Male,0,Yes,No,66,Yes,Yes,Fiber optic,No,Yes,No,No,No,Yes,Two year,No,Electronic check,104.26,7013.07,No
CUST100924,Male,0,Yes,Yes,30,Yes,No,Fiber optic,No,No,Yes,Yes,Yes,Yes,Month-to-month,No,Bank transfer (automatic),103.73,3198.23,Yes
CUST100925,Female,0,No,No,33,Yes,No,No,No internet service,No internet service,No internet service,No internet service,No internet service,No internet service,Two year,Yes,Electronic check,24.48,803.26,No
CUST100926,Female,0,No,No,12,Yes,Yes,Fiber optic,No,No,No,Yes,Yes,No,Month-to-month,Yes,Credit card (automatic),109.34,1303.1,Yes
CUST100927,Male,0,Yes,No,6,Yes,No,Fiber optic,No,Yes,No,Yes,Yes,No,Month-to-month,Yes,Electronic check,108.03,626.59,No
CUST100928,Male,0,Yes,Yes,32,No,No phone service,Fiber optic,No,Yes,No,No,Yes,No,Month-to-month,No,Bank transfer (automatic),102.14,3290.74,Yes
CUST100929,Female,0,No,No,42,Yes,Yes,Fiber optic,Yes,No,No,No,Yes,No,Two year,No,Bank transfer (automatic),107.61,4456.87,No
CUST100930,Female,0,Yes,No,8,Yes,Yes,DSL,No,No,Yes,No,No,Yes,Month-to-month,No,Electronic check,78.29,589.23,No
CUST100931,Female,0,Yes,No,30,Yes,Yes,DSL,No,No,No,No,No,No,Month-to-month,No,Electronic check,70.77,2031.07,No
CUST100932,Male,0,No,No,47,Yes,Yes,No,No internet service,No internet service,No internet service,No internet service,No internet service,No internet service,Month-to-month,Yes,Electronic check,36.39,1701.63,Yes
CUST100933,Female,0,Yes,Yes,59,Yes,Yes,Fiber optic,No,No,No,No,No,No,One year,Yes,Bank transfer (automatic),80.12,4778.27,No
CUST100934,Male,0,Yes,No,68,Yes,Yes,Fiber optic,Yes,Yes,Yes,No,Yes,Yes,Two year,No,Mailed check,126.92,8618.98,No
CUST100935,Female,0,Yes,Yes,25,No,No phone service,DSL,Yes,No,No,No,Yes,Yes,One year,Yes,Electronic check,87.75,2188.69,No
CUST100936,Male,0,Yes,No,29,Yes,Yes,Fiber optic,Yes,Yes,No,Yes,Yes,Yes,Month-to-month,Yes,Bank transfer (automatic),117.23,3419.24,No
CUST100937,Male,0,No,No,63,Yes,Yes,DSL,No,Yes,Yes,Yes,No,No,Month-to-month,Yes,Electronic check,92.02,5741.92,No
CUST100938,Male,0,No,No,50,No,No phone service,Fiber optic,No,Yes,No,No,Yes,Yes,Month-to-month,No,Electronic check,132.95,6649.52,No
CUST100939,Female,0,No,Yes,20,Yes,No,Fiber optic,No,No,No,No,No,No,Month-to-month,No,Electronic check,82.42,1692.43,No
CUST100940,Female,0,Yes,Yes,50,Yes,Yes,Fiber optic,Yes,Yes,No,Yes,Yes,Yes,Month-to-month,No,Mailed check,112.11,5626.12,No
CUST100941,Male,0,No,Yes,12,Yes,Yes,No,No internet service,No internet service,No internet service,No internet service,No internet service,No internet service,Month-to-month,Yes,Mailed check,29.55,371.94,No
CUST100942,Female,0,Yes,Yes,33,Yes,No,DSL,Yes,Yes,No,No,No,Yes,Month-to-month,Yes,Bank transfer (automatic),78.46,2648.69,No
CUST100943,Male,0,No,No,23,Yes,Yes,Fiber optic,No,No,No,No,Yes,No,Month-to-month,Yes,Mailed check,73.53,1720.42,Yes
CUST100944,Male,0,Yes,Yes,72,Yes,No,No,No internet service,No internet service,No internet service,No internet service,No internet service,No internet service,Two year,No,Bank transfer (automatic),18.0,1288.3,No
CUST100945,Male,0,No,No,3,Yes,Yes,Fiber optic,No,Yes,No,No,Yes,No,Month-to-month,Yes,Electronic check,92.45,258.26,No
CUST100946,Female,0,Yes,Yes,62,Yes,No,Fiber optic,Yes,Yes,No,No,No,No,Two year,No,Mailed check,96.19,6075.25,No
CUST100947,Male,0,Yes,Yes,21,No,No phone service,Fiber optic,No,No,No,Yes,No,Yes,One year,Yes,Credit card (automatic),92.16,1952.73,No
CUST100948,Female,0,Yes,No,3,No,No phone service,Fiber optic,No,Yes,Yes,No,No,Yes,One year,No,Mailed check,111.67,347.13,Yes
CUST100949,Male,0,Yes,Yes,48,No,No phone service,No,No internet service,No internet service,No internet service,No internet service,No internet service,No internet service,Month-to-month,No,Credit card (automatic),24.93,1183.78,Yes
CUST100950,Male,0,Yes,No,49,Yes,No,Fiber optic,No,No,No,No,No,Yes,Two year,Yes,Bank transfer (automatic),59.96,2934.75,Yes
CUST100951,Male,0,No,No,11,Yes,No,No,No internet service,No internet service,No internet service,No internet service,No internet service,No internet service,One year,No,Bank transfer (automatic),32.54,371.93,No
CUST100952,Female,0,No,No,3,Yes,No,Fiber optic,Yes,No,Yes,Yes,Yes,Yes,Two year,Yes,Bank transfer (automatic),120.12,361.43,No
CUST100953,Male,0,Yes,No,9,Yes,No,Fiber optic,No,Yes,No,No,Yes,No,One year,No,Credit card (automatic),111.39,967.8,Yes
CUST100954,Female,0,No,Yes,30,Yes,Yes,DSL,Yes,No,Yes,Yes,Yes,Yes,Month-to-month,No,Mailed check,99.06,2954.72,No
CUST100955,Female,0,No,No,10,Yes,Yes,Fiber optic,No,No,No,No,No,Yes,Two year,Yes,Bank transfer (automatic),114.88,1230.95,No
CUST100956,Male,1,No,No,51,Yes,No,No,No internet service,No internet service,No internet service,No internet service,No internet service,No internet service,Two year,Yes,Credit card (automatic),35.17,1807.76,No
CUST100957,Female,0,No,No,6,Yes,Yes,Fiber optic,No,Yes,No,No,Yes,No,Month-to-month,No,Bank transfer (automatic),93.89,593.42,No
CUST100958,Female,0,No,Yes,57,Yes,Yes,DSL,No,No,Yes,No,No,Yes,Month-to-month,No,Mailed check,85.74,4909.86,No
CUST100959,Male,1,No,No,63,Yes,No,Fiber optic,No,Yes,No,Yes,Yes,Yes,Two year,Yes,Mailed check,109.53,6822.64,No
CUST100960,Male,1,No,No,52,Yes,Yes,Fiber optic,No,No,Yes,Yes,No,Yes,Month-to-month,No,Electronic check,132.92,6933.56,No
CUST100961,Male,0,No,Yes,68,No,No phone service,No,No internet service,No internet service,No internet service,No internet service,No internet service,No internet service,Two year,Yes,Credit card (automatic),24.08,1652.87,No
CUST100962,Female,1,Yes,No,68,Yes,Yes,DSL,Yes,No,Yes,No,Yes,No,One year,Yes,Mailed check,79.74,5409.84,No
CUST100963,Male,1,Yes,Yes,4,No,No phone service,DSL,No,Yes,No,No,No,Yes,One year,Yes,Electronic check,76.33,350.08,No
CUST100964,Female,0,Yes,No,25,Yes,No,Fiber optic,No,No,Yes,Yes,Yes,No,Month-to-month,Yes,Electronic check,112.48,2848.8,No
CUST100965,Female,0,No,Yes,55,Yes,Yes,DSL,Yes,Yes,No,Yes,Yes,Yes,Two year,Yes,Credit card (automatic),111.48,6186.76,No
CUST100966,Female,0,Yes,No,25,Yes,No,No,No internet service,No internet service,No internet service,No internet service,No internet service,No internet service,One year,No,Bank transfer (automatic),18.14,454.05,No
CUST100967,Male,0,No,Yes,54,Yes,No,Fiber optic,Yes,No,Yes,No,Yes,Yes,Two year,Yes,Bank transfer (automatic),125.59,6848.67,No
CUST100968,Female,0,No,No,56,Yes,No,Fiber optic,Yes,No,Yes,Yes,No,Yes,Month-to-month,Yes,Credit card (automatic),104.92,5783.32,Yes
CUST100969,Male,0,No,Yes,72,Yes,No,DSL,No,Yes,Yes,No,Yes,Yes,Month-to-month,No,Electronic check,68.08,4903.11,Yes
CUST100970,Male,0,Yes,No,24,Yes,Yes,Fiber optic,Yes,Yes,No,Yes,No,Yes,Month-to-month,No,Bank transfer (automatic),104.53,2553.44,No
CUST100971,Male,0,No,Yes,26,Yes,No,No,No internet service,No internet service,No internet service,No internet service,No internet service,No internet service,Month-to-month,No,Bank transfer (automatic),18.0,471.2,No
CUST100972,Male,0,No,No,2,Yes,No,Fiber optic,No,Yes,No,No,No,Yes,Two year,Yes,Bank transfer (automatic),96.43,256.25,Yes
CUST100973,Male,0,Yes,Yes,21,Yes,No,DSL,No,No,Yes,No,Yes,Yes,Month-to-month,No,Bank transfer (automatic),87.51,1829.46,Yes
CUST100974,Male,0,No,Yes,21,Yes,Yes,DSL,No,Yes,No,No,No,No,Month-to-month,Yes,Credit card (automatic),85.82,1774.03,No
CUST100975,Male,0,Yes,Yes,33,Yes,Yes,No,No internet service,No internet service,No internet service,No internet service,No internet service,No internet service,Two year,Yes,Mailed check,36.52,1169.24,No
CUST100976,Male,0,No,Yes,31,Yes,Yes,No,No internet service,No internet service,No internet service,No internet service,No internet service,No internet service,Month-to-month,No,Electronic check,31.86,982.44,No
CUST100977,Female,1,Yes,Yes,62,Yes,Yes,DSL,No,No,Yes,No,Yes,No,Month-to-month,Yes,Credit card (automatic),79.19,4934.34,No
CUST100978,Male,1,Yes,No,56,Yes,Yes,Fiber optic,No,No,No,No,No,No,Two year,No,Bank transfer (automatic),73.74,4163.11,No
CUST100979,Female,1,Yes,No,53,Yes,No,DSL,Yes,No,Yes,No,No,Yes,One year,Yes,Bank transfer (automatic),75.0,3912.04,No
CUST100980,Female,1,Yes,Yes,1,No,No phone service,Fiber optic,No,No,No,No,No,No,One year,Yes,Mailed check,96.55,164.64,No
CUST100981,Female,0,Yes,No,34,No,No phone service,DSL,Yes,Yes,No,Yes,Yes,Yes,Two year,Yes,Credit card (automatic),89.71,2997.69,No
CUST100982,Female,0,No,No,53,Yes,Yes,Fiber optic,Yes,No,Yes,Yes,No,No,Month-to-month,Yes,Bank transfer (automatic),113.83,6024.72,No
CUST100983,Female,0,Yes,Yes,18,Yes,No,No,No internet service,No internet service,No internet service,No internet service,No internet service,No internet service,One year,Yes,Credit card (automatic),26.51,468.13,No
CUST100984,Female,0,Yes,No,31,Yes,No,DSL,Yes,No,Yes,No,Yes,Yes,Two year,Yes,Bank transfer (automatic),98.94,3091.91,No
CUST100985,Female,1,No,Yes,53,Yes,Yes,Fiber optic,Yes,No,Yes,No,No,Yes,One year,Yes,Credit card (automatic),108.68,5766.17,No
CUST100986,Female,0,No,Yes,58,Yes,No,DSL,No,Yes,Yes,Yes,Yes,Yes,Two year,No,Bank transfer (automatic),95.05,5551.56,Yes
CUST100987,Male,0,No,No,62,Yes,No,DSL,No,No,No,No,No,Yes,One year,Yes,Bank transfer (automatic),92.81,5856.89,No
CUST100988,Male,0,No,No,31,Yes,Yes,DSL,No,No,Yes,No,No,No,One year,Yes,Credit card (automatic),90.17,2816.79,No
CUST100989,Female,0,Yes,No,29,Yes,No,DSL,No,Yes,No,No,Yes,No,Two year,Yes,Bank transfer (automatic),75.61,2166.53,No
CUST100990,Male,0,No,No,28,Yes,No,No,No internet service,No internet service,No internet service,No internet service,No internet service,No internet service,Month-to-month,Yes,Mailed check,23.85,674.4,No
CUST100991,Female,0,Yes,No,49,Yes,No,DSL,Yes,No,No,No,No,No,One year,Yes,Mailed check,77.14,3869.89,No
CUST100992,Male,1,No,Yes,31,Yes,No,No,No internet service,No internet service,No internet service,No internet service,No internet service,No internet service,Month-to-month,No,Electronic check,32.29,1013.71,No
CUST100993,Male,0,No,No,29,Yes,No,DSL,No,No,No,No,Yes,Yes,Two year,No,Credit card (automatic),77.01,2276.99,No
CUST100994,Female,0,No,Yes,13,Yes,Yes,Fiber optic,Yes,No,Yes,No,No,No,One year,Yes,Electronic check,73.62,886.67,Yes
CUST100995,Female,0,No,Yes,35,Yes,No,Fiber optic,No,No,No,No,Yes,No,One year,No,Credit card (automatic),89.06,3137.77,Yes
CUST100996,Female,0,No,Yes,18,Yes,No,No,No internet service,No internet service,No internet service,No internet service,No internet service,No internet service,Month-to-month,Yes,Electronic check,23.43,417.97,Yes
CUST100997,Male,0,Yes,No,38,No,No phone service,DSL,Yes,Yes,Yes,No,No,Yes,Two year,Yes,Mailed check,97.3,3657.69,No
CUST100998,Female,0,No,No,64,Yes,No,DSL,No,Yes,Yes,No,Yes,No,One year,Yes,Credit card (automatic),80.03,5120.85,No
CUST100999,Female,0,No,Yes,56,Yes,No,Fiber optic,Yes,Yes,Yes,No,No,No,Month-to-month,Yes,Electronic check,120.74,6769.31,Yes
CUST101000,Female,1,No,No,35,Yes,No,Fiber optic,No,No,Yes,Yes,No,Yes,Month-to-month,Yes,Credit card (automatic),100.95,3495.43,No
CUST101001,Female,0,Yes,No,71,Yes,No,Fiber optic,No,No,Yes,No,Yes,Yes,One year,Yes,Credit card (automatic),111.87,7955.42,Yes
CUST101002,Female,0,Yes,No,71,Yes,Yes,DSL,No,No,Yes,Yes,Yes,Yes,Month-to-month,Yes,Mailed check,103.39,7329.93,No
CUST101003,Female,0,No,Yes,32,Yes,No,DSL,Yes,Yes,No,No,No,No,Two year,Yes,Bank transfer (automatic),82.19,2664.72,No
CUST101004,Male,0,Yes,No,55,Yes,Yes,Fiber optic,No,No,No,No,No,No,Two year,Yes,Electronic check,104.37,5754.6,No
CUST101005,Female,0,Yes,Yes,25,Yes,No,Fiber optic,No,Yes,Yes,No,Yes,Yes,Month-to-month,No,Bank transfer (automatic),114.46,2887.32,Yes
CUST101006,Female,1,Yes,No,64,Yes,No,Fiber optic,Yes,Yes,No,No,Yes,Yes,One year,No,Electronic check,105.79,6832.73,No
CUST101007,Female,0,No,Yes,27,Yes,No,DSL,Yes,No,No,Yes,No,Yes,Month-to-month,Yes,Credit card (automatic),83.06,2270.28,No
CUST101008,Female,0,Yes,Yes,19,Yes,No,DSL,No,No,No,Yes,No,No,Month-to-month,Yes,Credit card (automatic),60.15,1142.63,Yes
CUST101009,Female,0,Yes,No,10,Yes,No,No,No internet service,No internet service,No internet service,No internet service,No internet service,No internet service,Month-to-month,Yes,Electronic check,23.5,205.57,Yes
CUST101010,Male,0,Yes,Yes,61,Yes,Yes,Fiber optic,No,Yes,No,Yes,Yes,No,Month-to-month,No,Bank transfer (automatic),107.2,6572.24,No
CUST101011,Female,0,No,Yes,22,Yes,Yes,DSL,No,Yes,No,No,No,No,Two year,Yes,Bank transfer (automatic),88.4,1896.43,No
CUST101012,Male,0,No,No,59,Yes,Yes,No,No internet service,No internet service,No internet service,No internet service,No internet service,No internet service,One year,Yes,Bank transfer (automatic),20.47,1206.67,No
CUST101013,Male,0,Yes,Yes,7,Yes,No,Fiber optic,No,No,Yes,Yes,No,Yes,Month-to-month,No,Electronic check,98.32,710.13,Yes
CUST101014,Female,0,Yes,No,37,Yes,Yes,DSL,No,No,Yes,Yes,Yes,Yes,Two year,Yes,Credit card (automatic),102.89,3889.22,No
CUST101015,Female,0,No,No,31,Yes,No,Fiber optic,No,Yes,No,Yes,No,Yes,One year,Yes,Electronic check,99.32,3188.71,No
CUST101016,Male,0,Yes,Yes,32,Yes,Yes,Fiber optic,Yes,No,Yes,No,Yes,Yes,Month-to-month,No,Credit card (automatic),125.27,3939.4,No
CUST101017,Male,0,No,No,13,Yes,No,Fiber optic,Yes,No,No,Yes,No,Yes,Month-to-month,No,Mailed check,114.76,1401.27,Yes
CUST101018,Male,1,Yes,Yes,6,Yes,No,Fiber optic,No,No,No,No,Yes,No,Two year,Yes,Bank transfer (automatic),83.18,515.34,Yes
CUST101019,Male,0,No,No,25,Yes,No,Fiber optic,No,Yes,No,No,Yes,Yes,One year,Yes,Credit card (automatic),101.64,2555.78,No
CUST101020,Male,0,Yes,Yes,34,Yes,No,DSL,No,No,No,No,Yes,Yes,One year,Yes,Credit card (automatic),96.8,3221.4,No
CUST101021,Male,0,No,Yes,58,Yes,No,No,No internet service,No internet service,No internet service,No internet service,No internet service,No internet service,One year,Yes,Bank transfer (automatic),18.58,1077.45,No
CUST101022,Female,0,Yes,No,34,Yes,No,Fiber optic,Yes,No,Yes,No,No,Yes,Month-to-month,Yes,Electronic check,97.17,3338.62,Yes
CUST101023,Female,0,No,No,18,Yes,No,Fiber optic,Yes,No,Yes,No,Yes,Yes,Month-to-month,Yes,Mailed check,107.19,1850.3,No
CUST101024,Female,0,No,No,19,Yes,Yes,Fiber optic,No,Yes,No,Yes,No,Yes,One year,Yes,Bank transfer (automatic),110.91,2041.1,Yes
CUST101025,Male,0,No,No,45,Yes,Yes,Fiber optic,No,No,No,Yes,Yes,No,Two year,No,Credit card (automatic),105.97,4727.69,No
CUST101026,Male,0,Yes,No,32,Yes,No,Fiber optic,Yes,No,Yes,Yes,No,Yes,Two year,No,Mailed check,119.52,3809.42,No
CUST101027,Male,0,Yes,No,65,Yes,No,Fiber optic,Yes,No,No,Yes,Yes,Yes,Month-to-month,No,Electronic check,97.55,6381.37,Yes
CUST101028,Female,0,No,No,32,Yes,No,No,No internet service,No internet service,No internet service,No internet service,No internet service,No internet service,One year,Yes,Credit card (automatic),26.61,846.31,No
CUST101029,Male,0,No,No,41,Yes,No,Fiber optic,No,No,No,No,No,Yes,Month-to-month,Yes,Electronic check,106.8,4382.34,Yes
CUST101030,Male,0,Yes,No,5,Yes,Yes,Fiber optic,Yes,Yes,Yes,No,No,Yes,Month-to-month,Yes,Credit card (automatic),91.33,579.74,No
CUST101031,Male,1,Yes,No,14,Yes,No,DSL,Yes,No,No,Yes,No,No,One year,Yes,Mailed check,67.19,902.11,No
CUST101032,Female,0,Yes,No,62,Yes,No,Fiber optic,No,No,No,Yes,Yes,Yes,Month-to-month,Yes,Electronic check,85.22,5250.25,Yes
CUST101033,Male,0,No,No,25,Yes,No,Fiber optic,No,No,Yes,No,Yes,Yes,Two year,No,Bank transfer (automatic),101.56,2580.32,No
CUST101034,Male,1,No,Yes,31,Yes,No,DSL,No,Yes,No,Yes,No,Yes,One year,Yes,Bank transfer (automatic),79.38,2507.84,No
CUST101035,Female,0,No,No,43,Yes,No,Fiber optic,No,No,No,Yes,No,Yes,Two year,Yes,Credit card (automatic),102.97,4453.34,No
CUST101036,Female,0,No,No,5,Yes,No,DSL,Yes,No,No,No,No,No,One year,Yes,Bank transfer (automatic),80.8,491.7,Yes
CUST101037,Male,1,Yes,No,37,Yes,No,DSL,Yes,Yes,Yes,No,Yes,No,Two year,No,Electronic check,74.06,2754.33,No
CUST101038,Male,0,Yes,No,25,Yes,Yes,DSL,No,No,Yes,Yes,No,No,Two year,No,Mailed check,68.33,1627.23,No
CUST101039,Female,0,Yes,No,11,Yes,No,DSL,No,No,No,Yes,No,Yes,One year,Yes,Bank transfer (automatic),83.62,924.69,No
CUST101040,Female,0,No,No,31,Yes,No,DSL,No,Yes,Yes,Yes,No,No,One year,Yes,Bank transfer (automatic),67.98,2084.09,No
CUST101041,Female,0,Yes,No,33,Yes,No,Fiber optic,Yes,Yes,Yes,Yes,No,Yes,Month-to-month,No,Electronic check,140.0,4736.24,Yes
CUST101042,Male,0,Yes,Yes,14,Yes,Yes,Fiber optic,No,No,Yes,No,No,No,Month-to-month,Yes,Mailed check,102.61,1495.93,No
CUST101043,Male,0,Yes,No,40,Yes,No,DSL,No,Yes,Yes,No,Yes,No,Two year,No,Credit card (automatic),91.35,3566.87,No
CUST101044,Female,0,Yes,No,54,Yes,Yes,DSL,No,No,Yes,No,No,Yes,Month-to-month,No,Mailed check,83.29,4565.14,Yes
CUST101045,Male,0,No,Yes,20,Yes,No,Fiber optic,Yes,No,No,No,No,Yes,Two year,No,Bank transfer (automatic),103.01,2118.26,No
CUST101046,Male,0,Yes,Yes,70,No,No phone service,DSL,No,No,Yes,No,Yes,No,One year,Yes,Mailed check,63.89,4459.86,Yes
CUST101047,Female,0,Yes,Yes,45,Yes,Yes,Fiber optic,No,No,No,No,No,No,Two year,No,Credit card (automatic),95.0,4270.53,No
CUST101048,Female,1,No,No,56,Yes,Yes,Fiber optic,No,Yes,No,No,Yes,No,One year,Yes,Mailed check,77.53,4406.44,Yes
CUST101049,Male,0,Yes,No,6,Yes,No,Fiber optic,No,Yes,No,No,No,No,Two year,Yes,Bank transfer (automatic),87.02,419.18,No
CUST101050,Female,0,Yes,No,56,No,No phone service,No,No internet service,No internet service,No internet service,No internet service,No internet service,No internet service,Month-to-month,Yes,Electronic check,35.74,2010.99,No
CUST101051,Male,0,Yes,No,25,Yes,Yes,Fiber optic,Yes,No,Yes,Yes,No,Yes,One year,Yes,Electronic check,116.4,2986.36,No
CUST101052,Female,0,No,No,52,Yes,Yes,No,No internet service,No internet service,No internet service,No internet service,No internet service,No internet service,Two year,Yes,Mailed check,22.97,1193.22,No
CUST101053,Female,0,Yes,No,58,Yes,No,No,No internet service,No internet service,No internet service,No internet service,No internet service,No internet service,Month-to-month,No,Electronic check,21.5,1255.36,Yes
CUST101054,Male,1,No,No,19,Yes,No,DSL,No,Yes,Yes,No,Yes,No,Month-to-month,No,Credit card (automatic),71.56,1364.07,No
CUST101055,Female,0,No,No,19,Yes,Yes,DSL,No,No,Yes,Yes,No,Yes,Two year,Yes,Mailed check,85.94,1592.43,No
CUST101056,Male,0,No,Yes,5,Yes,No,DSL,No,No,No,No,No,Yes,One year,No,Credit card (automatic),81.01,365.73,No
CUST101057,Female,1,Yes,No,44,Yes,No,Fiber optic,No,No,Yes,No,Yes,Yes,Month-to-month,No,Mailed check,88.81,3945.58,Yes
CUST101058,Male,0,No,No,56,Yes,No,Fiber optic,No,No,Yes,No,Yes,Yes,One year,Yes,Mailed check,123.73,6881.69,Yes
CUST101059,Male,0,Yes,No,30,Yes,Yes,DSL,Yes,No,Yes,Yes,No,Yes,Month-to-month,No,Electronic check,86.51,2516.17,Yes
CUST101060,Female,0,Yes,No,12,Yes,Yes,DSL,Yes,Yes,No,No,No,Yes,Month-to-month,No,Electronic check,83.26,1005.23,No
CUST101061,Female,0,No,No,23,Yes,No,Fiber optic,No,No,Yes,Yes,Yes,Yes,One year,No,Credit card (automatic),106.9,2425.79,No
CUST101062,Male,0,Yes,Yes,30,Yes,No,Fiber optic,Yes,No,No,No,Yes,No,Month-to-month,Yes,Electronic check,99.18,2904.04,No
CUST101063,Female,0,Yes,No,66,Yes,Yes,Fiber optic,No,No,No,No,Yes,No,One year,No,Credit card (automatic),89.0,5877.83,No
CUST101064,Female,1,Yes,Yes,9,Yes,No,No,No internet service,No internet service,No internet service,No internet service,No internet service,No internet service,Month-to-month,No,Electronic check,36.62,346.44,Yes
CUST101065,Male,1,Yes,No,25,Yes,Yes,DSL,No,No,No,No,No,Yes,Two year,Yes,Mailed check,68.83,1721.58,No
CUST101066,Female,1,Yes,Yes,46,Yes,No,Fiber optic,Yes,No,No,No,Yes,No,One year,Yes,Electronic check,117.24,5318.04,Yes
CUST101067,Female,0,No,No,18,Yes,No,No,No internet service,No internet service,No internet service,No internet service,No internet service,No internet service,Month-to-month,Yes,Bank transfer (automatic),18.0,329.2,No
CUST101068,Male,0,No,No,64,Yes,No,Fiber optic,Yes,Yes,Yes,Yes,No,Yes,Two year,Yes,Bank transfer (automatic),136.47,8818.84,No
CUST101069,Male,1,Yes,Yes,66,Yes,No,Fiber optic,Yes,No,Yes,No,Yes,Yes,Two year,Yes,Credit card (automatic),109.37,7363.64,No
CUST101070,Female,0,No,No,28,Yes,Yes,Fiber optic,No,Yes,Yes,Yes,Yes,Yes,Month-to-month,Yes,Electronic check,108.84,3141.68,Yes
CUST101071,Male,0,Yes,No,54,Yes,No,DSL,No,Yes,Yes,No,Yes,Yes,Two year,No,Electronic check,101.3,5409.09,No
CUST101072,Female,0,Yes,No,55,Yes,Yes,No,No internet service,No internet service,No internet service,No internet service,No internet service,No internet service,Month-to-month,No,Bank transfer (automatic),18.0,999.27,No
CUST101073,Female,0,Yes,Yes,50,Yes,No,Fiber optic,No,Yes,No,Yes,Yes,No,Month-to-month,Yes,Mailed check,116.62,5848.95,Yes
CUST101074,Male,0,Yes,Yes,14,Yes,No,Fiber optic,Yes,Yes,No,No,Yes,No,Month-to-month,Yes,Credit card (automatic),100.33,1335.27,Yes
CUST101075,Male,1,Yes,No,4,Yes,Yes,Fiber optic,Yes,No,Yes,No,Yes,No,Month-to-month,Yes,Mailed check,131.73,549.35,Yes
CUST101076,Female,0,Yes,No,26,Yes,Yes,Fiber optic,Yes,No,No,No,No,Yes,Two year,Yes,Credit card (automatic),117.51,3190.54,No
CUST101077,Male,0,Yes,No,10,Yes,Yes,DSL,No,Yes,No,No,Yes,Yes,Month-to-month,Yes,Electronic check,98.32,1053.75,No
CUST101078,Male,1,No,Yes,22,Yes,Yes,Fiber optic,No,No,No,No,Yes,No,Two year,Yes,Credit card (automatic),78.25,1673.92,No
CUST101079,Female,0,Yes,No,46,Yes,Yes,Fiber optic,No,No,No,No,No,No,Month-to-month,No,Electronic check,87.95,4046.42,No
CUST101080,Female,0,Yes,No,43,Yes,No,DSL,No,No,No,Yes,No,No,Month-to-month,Yes,Credit card (automatic),72.58,3142.35,Yes
CUST101081,Female,0,Yes,Yes,16,Yes,No,Fiber optic,No,No,Yes,Yes,No,No,Month-to-month,Yes,Electronic check,94.89,1419.75,Yes
CUST101082,Female,0,No,No,2,Yes,No,No,No internet service,No internet service,No internet service,No internet service,No internet service,No internet service,Month-to-month,No,Bank transfer (automatic),22.82,22.43,No
CUST101083,Female,0,Yes,No,17,No,No phone service,Fiber optic,No,Yes,No,No,No,Yes,Two year,Yes,Credit card (automatic),80.33,1373.06,No
CUST101084,Male,0,No,No,33,Yes,No,Fiber optic,Yes,No,No,No,Yes,Yes,Two year,Yes,Credit card (automatic),115.38,3819.15,No
CUST101085,Female,0,Yes,No,57,Yes,No,Fiber optic,No,No,No,No,No,No,Two year,Yes,Bank transfer (automatic),98.8,5522.59,No
CUST101086,Female,0,Yes,No,27,Yes,Yes,Fiber optic,No,No,No,Yes,No,Yes,Two year,No,Bank transfer (automatic),117.23,3192.5,No
CUST101087,Female,0,No,No,21,Yes,No,Fiber optic,No,No,Yes,No,No,No,Month-to-month,Yes,Credit card (automatic),86.81,1879.63,Yes
CUST101088,Female,0,Yes,Yes,40,Yes,No,No,No internet service,No internet service,No internet service,No internet service,No internet service,No internet service,Month-to-month,No,Mailed check,26.19,1044.17,No
CUST101089,Male,0,Yes,Yes,6,Yes,No,DSL,Yes,Yes,No,No,No,Yes,Month-to-month,No,Bank transfer (automatic),77.42,467.3,No
CUST101090,Female,0,Yes,Yes,17,No,No phone service,No,No internet service,No internet service,No internet service,No internet service,No internet service,No internet service,Two year,No,Mailed check,39.51,685.22,No
CUST101091,Male,1,No,No,3,Yes,No,No,No internet service,No internet service,No internet service,No internet service,No internet service,No internet service,Month-to-month,Yes,Mailed check,30.46,99.4,No
CUST101092,Female,0,No,No,38,Yes,No,Fiber optic,No,Yes,No,Yes,Yes,Yes,Month-to-month,No,Electronic check,121.82,4507.2,No
CUST101093,Male,0,No,Yes,32,Yes,No,Fiber optic,No,Yes,No,Yes,No,No,Two year,No,Credit card (automatic),108.83,3423.46,No
CUST101094,Male,0,No,Yes,42,Yes,No,DSL,Yes,Yes,Yes,No,No,Yes,Month-to-month,Yes,Electronic check,77.72,3245.78,No
CUST101095,Male,0,Yes,No,45,Yes,No,Fiber optic,No,No,No,No,No,No,One year,No,Bank transfer (automatic),79.5,3536.44,No
CUST101096,Female,0,No,No,29,Yes,No,DSL,No,Yes,No,No,No,Yes,Month-to-month,No,Credit card (automatic),83.44,2493.2,No
CUST101097,Female,0,Yes,No,63,Yes,Yes,DSL,No,Yes,No,No,No,Yes,One year,Yes,Bank transfer (automatic),77.57,4916.44,No
CUST101098,Male,1,No,No,67,Yes,Yes,No,No internet service,No internet service,No internet service,No internet service,No internet service,No internet service,One year,No,Credit card (automatic),39.66,2630.81,No
CUST101099,Male,0,Yes,No,8,Yes,No,DSL,Yes,Yes,Yes,No,No,No,One year,Yes,Mailed check,76.07,598.78,No
CUST101100,Male,1,Yes,Yes,67,Yes,Yes,Fiber optic,No,No,Yes,No,No,Yes,Two year,Yes,Bank transfer (automatic),94.83,6417.93,No
CUST101101,Male,1,No,No,15,Yes,No,DSL,No,No,No,No,Yes,No,Month-to-month,Yes,Mailed check,50.59,739.23,Yes
CUST101102,Female,0,Yes,No,18,Yes,Yes,Fiber optic,Yes,No,Yes,No,Yes,Yes,One year,Yes,Bank transfer (automatic),103.39,1913.85,No
CUST101103,Male,0,No,No,39,Yes,No,Fiber optic,No,Yes,No,No,Yes,No,Two year,Yes,Credit card (automatic),90.21,3593.06,No
CUST101104,Male,0,Yes,No,3,Yes,Yes,DSL,No,No,No,No,Yes,Yes,Month-to-month,Yes,Electronic check,68.13,254.1,Yes
CUST101105,Male,1,No,Yes,27,Yes,No,Fiber optic,Yes,No,No,Yes,No,Yes,Two year,Yes,Bank transfer (automatic),99.07,2685.61,No
CUST101106,Male,0,No,No,15,Yes,Yes,No,No internet service,No internet service,No internet service,No internet service,No internet service,No internet service,Two year,Yes,Electronic check,21.34,336.12,Yes
CUST101107,Female,0,Yes,No,35,Yes,Yes,Fiber optic,No,No,No,No,Yes,Yes,Month-to-month,Yes,Bank transfer (automatic),103.68,3596.31,No
CUST101108,Female,1,No,No,59,Yes,Yes,No,No internet service,No internet service,No internet service,No internet service,No internet service,No internet service,One year,Yes,Credit card (automatic),25.88,1565.52,No
CUST101109,Male,0,No,No,67,Yes,No,Fiber optic,Yes,No,Yes,No,Yes,Yes,One year,No,Electronic check,110.02,7387.24,No
CUST101110,Female,0,No,No,16,No,No phone service,Fiber optic,No,No,No,No,No,No,Month-to-month,No,Mailed check,110.04,1836.36,Yes
CUST101111,Male,0,Yes,No,40,Yes,No,DSL,Yes,No,No,No,Yes,Yes,Two year,Yes,Bank transfer (automatic),74.53,2965.01,No
CUST101112,Male,1,No,No,35,Yes,No,DSL,No,Yes,Yes,No,No,Yes,One year,Yes,Credit card (automatic),62.99,2223.52,Yes
CUST101113,Male,1,No,No,30,Yes,Yes,No,No internet service,No internet service,No internet service,No internet service,No internet service,No internet service,One year,Yes,Electronic check,18.79,569.83,Yes
CUST101114,Male,0,Yes,No,46,Yes,No,Fiber optic,No,No,No,Yes,No,Yes,Two year,Yes,Bank transfer (automatic),91.24,4146.19,No
CUST101115,Male,0,Yes,Yes,72,Yes,Yes,Fiber optic,No,No,Yes,No,Yes,No,Two year,Yes,Credit card (automatic),112.65,8046.02,No
CUST101116,Female,0,Yes,No,30,Yes,No,Fiber optic,Yes,No,No,Yes,No,Yes,Month-to-month,No,Mailed check,128.45,3837.74,No
CUST101117,Female,0,No,No,5,Yes,No,DSL,No,No,No,No,No,No,Two year,No,Credit card (automatic),57.22,324.05,No
CUST101118,Female,0,Yes,No,66,Yes,Yes,Fiber optic,No,Yes,Yes,No,No,No,One year,Yes,Bank transfer (automatic),100.63,6531.0,Yes
CUST101119,Male,0,No,No,68,Yes,No,DSL,No,No,No,No,Yes,No,One year,No,Credit card (automatic),86.89,5889.6,No
CUST101120,Male,0,No,No,24,Yes,No,No,No internet service,No internet service,No internet service,No internet service,No internet service,No internet service,Month-to-month,Yes,Electronic check,26.79,664.01,No
CUST101121,Male,0,Yes,No,37,Yes,Yes,DSL,No,No,No,No,Yes,No,Two year,No,Electronic check,75.97,2754.73,No
CUST101122,Male,0,Yes,No,63,Yes,Yes,DSL,Yes,Yes,No,No,Yes,No,Month-to-month,No,Mailed check,89.95,5734.52,No
CUST101123,Male,0,No,No,37,Yes,Yes,Fiber optic,No,No,No,No,No,No,One year,Yes,Bank transfer (automatic),91.88,3337.39,No
CUST101124,Female,0,Yes,No,35,Yes,Yes,DSL,No,Yes,Yes,No,Yes,No,Two year,No,Bank transfer (automatic),84.71,2918.27,No
CUST101125,Female,0,No,Yes,67,Yes,Yes,No,No internet service,No internet service,No internet service,No internet service,No internet service,No internet service,Two year,No,Mailed check,25.35,1696.21,No
CUST101126,Female,0,No,No,60,Yes,No,Fiber optic,Yes,No,No,No,No,Yes,Month-to-month,Yes,Electronic check,95.41,5831.85,Yes
CUST101127,Female,1,No,No,37,Yes,Yes,DSL,No,Yes,No,No,Yes,Yes,Month-to-month,Yes,Bank transfer (automatic),89.58,3280.06,No
CUST101128,Female,0,Yes,No,12,Yes,No,DSL,No,Yes,No,Yes,No,No,Two year,No,Mailed check,64.44,706.28,No
CUST101129,Female,0,No,No,32,Yes,No,No,No internet service,No internet service,No internet service,No internet service,No internet service,No internet service,Two year,Yes,Credit card (automatic),22.6,704.19,No
CUST101130,Male,1,No,No,49,No,No phone service,Fiber optic,No,No,Yes,No,No,No,One year,Yes,Bank transfer (automatic),95.37,4726.46,No
CUST101131,Female,0,Yes,No,20,Yes,No,No,No internet service,No internet service,No internet service,No internet service,No internet service,No internet service,Month-to-month,Yes,Electronic check,22.61,433.82,No
CUST101132,Female,0,No,No,39,Yes,No,DSL,No,Yes,No,No,Yes,No,One year,Yes,Credit card (automatic),83.02,3296.95,Yes
CUST101133,Female,0,No,No,48,Yes,Yes,No,No internet service,No internet service,No internet service,No internet service,No internet service,No internet service,Two year,Yes,Credit card (automatic),39.08,1877.48,No
CUST101134,Female,1,No,No,7,Yes,Yes,Fiber optic,Yes,No,Yes,No,Yes,Yes,Month-to-month,No,Credit card (automatic),102.08,712.58,Yes
CUST101135,Male,0,Yes,Yes,42,Yes,Yes,Fiber optic,No,Yes,No,No,No,No,Two year,Yes,Electronic check,75.54,3186.16,No
CUST101136,Female,1,Yes,No,54,Yes,No,Fiber optic,Yes,Yes,No,No,No,No,Month-to-month,Yes,Mailed check,109.77,5874.83,Yes
CUST101137,Male,0,Yes,No,16,Yes,No,DSL,No,No,No,No,No,No,Two year,No,Credit card (automatic),64.26,1033.48,Yes
CUST101138,Female,0,Yes,No,40,Yes,Yes,No,No internet service,No internet service,No internet service,No internet service,No internet service,No internet service,Month-to-month,Yes,Mailed check,28.17,1106.63,No
CUST101139,Female,0,Yes,No,52,Yes,Yes,No,No internet service,No internet service,No internet service,No internet service,No internet service,No internet service,Two year,No,Mailed check,32.93,1739.01,No
CUST101140,Female,0,No,No,4,Yes,No,Fiber optic,No,Yes,Yes,No,No,No,Month-to-month,No,Electronic check,74.65,252.59,No
CUST101141,Male,0,Yes,No,47,Yes,Yes,No,No internet service,No internet service,No internet service,No internet service,No internet service,No internet service,Month-to-month,Yes,Bank transfer (automatic),36.07,1704.79,Yes
CUST101142,Female,0,No,Yes,19,Yes,No,DSL,Yes,No,Yes,No,Yes,No,Month-to-month,Yes,Bank transfer (automatic),68.37,1256.58,No
CUST101143,Female,1,Yes,No,29,Yes,Yes,DSL,No,No,No,No,No,Yes,Month-to-month,No,Credit card (automatic),53.77,1542.13,No
CUST101144,Male,0,Yes,No,47,Yes,Yes,DSL,No,No,No,No,Yes,No,One year,No,Credit card (automatic),76.52,3579.28,No
CUST101145,Male,0,Yes,Yes,1,Yes,No,Fiber optic,Yes,No,No,No,No,No,Month-to-month,Yes,Electronic check,99.68,277.99,Yes
CUST101146,Female,0,Yes,Yes,2,Yes,Yes,DSL,Yes,No,No,No,Yes,Yes,One year,Yes,Bank transfer (automatic),98.29,195.73,Yes
CUST101147,Female,0,No,No,33,Yes,Yes,Fiber optic,No,No,No,No,Yes,No,One year,Yes,Electronic check,82.25,2673.71,Yes
CUST101148,Female,0,No,No,69,Yes,No,DSL,No,Yes,Yes,Yes,Yes,No,One year,No,Electronic check,107.29,7374.39,No
CUST101149,Female,0,No,No,1,Yes,Yes,Fiber optic,No,No,No,No,No,No,Month-to-month,No,Electronic check,87.47,20.0,No
CUST101150,Male,0,Yes,Yes,57,Yes,No,Fiber optic,No,No,No,No,No,Yes,Two year,Yes,Credit card (automatic),110.85,6307.62,No
CUST101151,Female,0,No,No,6,Yes,Yes,Fiber optic,No,Yes,Yes,No,No,No,Month-to-month,No,Electronic check,78.64,559.18,Yes
CUST101152,Male,1,Yes,No,36,Yes,Yes,DSL,Yes,Yes,Yes,No,Yes,Yes,One year,Yes,Bank transfer (automatic),80.34,2908.44,No
CUST101153,Female,0,No,No,32,Yes,Yes,Fiber optic,Yes,No,Yes,No,No,No,Month-to-month,Yes,Mailed check,111.35,3623.56,Yes
CUST101154,Male,0,Yes,No,34,Yes,Yes,DSL,No,Yes,Yes,No,Yes,No,Month-to-month,Yes,Electronic check,92.15,3082.79,Yes
CUST101155,Female,0,Yes,Yes,6,Yes,Yes,Fiber optic,No,Yes,Yes,No,No,No,Month-to-month,Yes,Mailed check,97.48,572.99,Yes
CUST101156,Male,0,Yes,No,55,Yes,Yes,Fiber optic,No,No,Yes,No,No,No,Month-to-month,Yes,Electronic check,71.38,3934.63,No
CUST101157,Female,1,Yes,Yes,20,Yes,No,Fiber optic,No,No,Yes,No,Yes,No,Month-to-month,Yes,Electronic check,89.01,1741.46,No
CUST101158,Male,1,Yes,No,56,Yes,No,DSL,Yes,No,Yes,No,Yes,Yes,Two year,No,Bank transfer (automatic),91.11,5124.03,No
CUST101159,Male,1,No,Yes,48,Yes,No,Fiber optic,No,No,No,No,No,No,Month-to-month,No,Credit card (automatic),98.59,4768.73,No
CUST101160,Female,0,No,No,40,Yes,No,No,No internet service,No internet service,No internet service,No internet service,No internet service,No internet service,One year,Yes,Credit card (automatic),18.0,725.86,No
CUST101161,Male,0,No,Yes,23,Yes,No,Fiber optic,Yes,No,No,No,No,No,Month-to-month,Yes,Credit card (automatic),94.53,2165.62,Yes
CUST101162,Female,0,Yes,No,47,Yes,No,No,No internet service,No internet service,No internet service,No internet service,No internet service,No internet service,Two year,No,Bank transfer (automatic),25.1,1196.13,No
CUST101163,Female,0,No,No,72,Yes,Yes,No,No internet service,No internet service,No internet service,No internet service,No internet service,No internet service,Two year,Yes,Electronic check,34.03,2444.9,No
CUST101164,Female,0,Yes,No,67,Yes,Yes,DSL,No,No,No,Yes,No,No,Month-to-month,No,Electronic check,79.68,5321.88,No
CUST101165,Male,0,No,Yes,66,Yes,No,Fiber optic,Yes,No,No,No,No,Yes,Two year,Yes,Credit card (automatic),124.36,8315.32,Yes
CUST101166,Male,1,Yes,Yes,16,Yes,No,DSL,No,No,No,Yes,Yes,No,Month-to-month,Yes,Electronic check,67.6,1036.7,No
CUST101167,Male,0,Yes,No,43,Yes,No,Fiber optic,Yes,No,No,No,No,No,Month-to-month,No,Electronic check,53.81,2258.85,Yes
CUST101168,Female,0,No,No,29,Yes,Yes,DSL,No,No,No,No,No,Yes,Two year,Yes,Credit card (automatic),78.22,2227.65,No
CUST101169,Female,0,Yes,No,70,Yes,No,No,No internet service,No internet service,No internet service,No internet service,No internet service,No internet service,Two year,Yes,Credit card (automatic),24.53,1722.8,No
CUST101170,Female,0,Yes,No,69,Yes,Yes,Fiber optic,No,No,No,No,No,No,One year,Yes,Electronic check,88.63,6183.73,Yes
CUST101171,Female,0,No,No,63,Yes,No,DSL,Yes,No,No,Yes,Yes,No,One year,No,Credit card (automatic),83.86,5249.95,No
CUST101172,Male,0,Yes,No,12,Yes,No,Fiber optic,No,No,Yes,No,No,No,Month-to-month,No,Mailed check,85.77,1122.64,No
CUST101173,Male,1,No,Yes,23,No,No phone service,Fiber optic,Yes,No,Yes,No,Yes,No,One year,Yes,Bank transfer (automatic),93.33,2148.11,Yes
CUST101174,Male,0,Yes,No,52,No,No phone service,Fiber optic,No,Yes,No,No,No,No,Two year,Yes,Bank transfer (automatic),80.49,4179.9,No
CUST101175,Male,0,No,No,54,Yes,No,No,No internet service,No internet service,No internet service,No internet service,No internet service,No internet service,One year,Yes,Credit card (automatic),22.02,1177.85,No
CUST101176,Male,0,No,No,26,Yes,No,DSL,No,Yes,Yes,No,No,No,Two year,No,Mailed check,76.95,2090.79,No
CUST101177,Male,0,No,No,10,Yes,Yes,Fiber optic,No,No,No,No,Yes,No,Month-to-month,Yes,Bank transfer (automatic),93.82,929.74,Yes
CUST101178,Male,0,No,No,10,Yes,No,Fiber optic,No,Yes,Yes,No,No,Yes,One year,Yes,Electronic check,97.0,892.48,Yes
CUST101179,Male,0,No,No,50,Yes,No,Fiber optic,Yes,Yes,Yes,No,No,No,Two year,Yes,Bank transfer (automatic),89.86,4625.51,No
CUST101180,Female,0,No,No,33,Yes,No,Fiber optic,Yes,No,Yes,No,No,Yes,Two year,Yes,Bank transfer (automatic),110.44,3670.61,No
CUST101181,Female,0,Yes,Yes,36,Yes,Yes,DSL,No,Yes,Yes,No,Yes,No,Month-to-month,No,Bank transfer (automatic),101.41,3699.37,No
CUST101182,Female,0,Yes,No,59,Yes,Yes,DSL,Yes,No,Yes,Yes,Yes,No,One year,Yes,Credit card (automatic),117.25,7036.05,No
CUST101183,Male,0,No,No,2,Yes,Yes,Fiber optic,No,No,Yes,Yes,Yes,No,Month-to-month,Yes,Bank transfer (automatic),108.13,256.13,No
CUST101184,Male,0,Yes,No,55,Yes,No,No,No internet service,No internet service,No internet service,No internet service,No internet service,No internet service,One year,Yes,Credit card (automatic),30.96,1720.91,Yes
CUST101185,Male,1,Yes,No,20,Yes,No,DSL,Yes,Yes,No,No,Yes,Yes,Two year,Yes,Mailed check,83.57,1674.12,No
CUST101186,Male,0,Yes,Yes,68,Yes,No,DSL,No,No,Yes,No,Yes,No,One year,Yes,Credit card (automatic),65.84,4506.11,No
CUST101187,Female,0,No,Yes,69,Yes,No,Fiber optic,No,Yes,No,No,No,No,Month-to-month,Yes,Mailed check,84.84,5852.22,No
CUST101188,Female,1,Yes,Yes,37,No,No phone service,No,No internet service,No internet service,No internet service,No internet service,No internet service,No internet service,Month-to-month,Yes,Electronic check,18.0,665.78,No
CUST101189,Male,0,No,No,23,Yes,No,Fiber optic,No,Yes,Yes,No,No,No,One year,Yes,Bank transfer (automatic),97.93,2259.42,Yes
CUST101190,Male,0,No,Yes,17,Yes,Yes,DSL,No,No,No,No,No,No,One year,Yes,Bank transfer (automatic),54.16,907.83,No
CUST101191,Male,0,No,No,14,Yes,No,Fiber optic,No,No,No,No,Yes,No,Month-to-month,Yes,Mailed check,108.22,1547.83,No
CUST101192,Male,0,Yes,No,72,No,No phone service,Fiber optic,No,No,Yes,No,No,No,Two year,Yes,Bank transfer (automatic),90.06,6511.44,Yes
CUST101193,Female,0,No,No,14,No,No phone service,Fiber optic,Yes,No,Yes,No,Yes,No,Month-to-month,Yes,Electronic check,94.9,1375.23,Yes
CUST101194,Female,1,No,Yes,33,Yes,Yes,DSL,No,No,No,No,No,Yes,Two year,No,Credit card (automatic),66.82,2230.7,No
CUST101195,Female,0,Yes,No,35,Yes,Yes,DSL,No,Yes,No,No,No,No,One year,Yes,Credit card (automatic),70.59,2555.36,No
CUST101196,Female,0,No,Yes,49,Yes,Yes,DSL,Yes,No,No,Yes,No,Yes,Month-to-month,Yes,Mailed check,74.99,3721.87,No
CUST101197,Female,0,Yes,No,61,Yes,Yes,Fiber optic,No,Yes,Yes,No,Yes,No,Two year,No,Credit card (automatic),107.76,6559.96,No
CUST101198,Female,0,No,Yes,41,Yes,Yes,Fiber optic,Yes,No,No,No,No,No,Two year,Yes,Bank transfer (automatic),110.26,4550.63,No
CUST101199,Female,0,Yes,Yes,55,Yes,No,DSL,No,No,Yes,No,No,Yes,One year,No,Bank transfer (automatic),82.2,4590.67,Yes
